scale,metric,unit,alpha,mean,var,cvar,sample_count,tail_equivalent_count,excluded_partial_blocks,experiment,grid_limit_kw,seed,policy
hour,actual_expense,EUR/hour,0.9,0.3301460897277258,0.5045,0.5058437906901048,672,67.19999999999999,0,sampled_28d,2.5,42,perfect_foresight
hour,shortage_penalty,EUR/hour,0.9,1.2575919142033767e-14,0.0,1.257591914203377e-13,672,67.19999999999999,0,sampled_28d,2.5,42,perfect_foresight
hour,inventory_adjustment,EUR/hour,0.9,0.004005803571428567,0.1326315789472385,0.2410228546830941,672,67.19999999999999,0,sampled_28d,2.5,42,perfect_foresight
hour,adjusted_loss,EUR/hour,0.9,0.33415189329916695,0.5897631578947368,0.6180485014530656,672,67.19999999999999,0,sampled_28d,2.5,42,perfect_foresight
hour,ens,kWh/hour,0.9,1.2575919142033767e-15,0.0,1.257591914203377e-14,672,67.19999999999999,0,sampled_28d,2.5,42,perfect_foresight
utc_day,actual_expense,EUR/block,0.9,7.923506153465418,9.925015213815788,10.163290681537829,28,2.7999999999999994,0,sampled_28d,2.5,42,perfect_foresight
utc_day,shortage_penalty,EUR/block,0.9,3.018220594088104e-13,2.220446049250313e-14,3.0023602651648883e-12,28,2.7999999999999994,0,sampled_28d,2.5,42,perfect_foresight
utc_day,inventory_adjustment,EUR/block,0.9,0.09613928571428561,0.6101360711348687,0.6702888774671052,28,2.7999999999999994,0,sampled_28d,2.5,42,perfect_foresight
utc_day,adjusted_loss,EUR/block,0.9,8.019645439180007,10.214543297697368,10.506181648624542,28,2.7999999999999994,0,sampled_28d,2.5,42,perfect_foresight
utc_day,ens,kWh/block,0.9,3.018220594088104e-14,2.220446049250313e-15,3.002360265164888e-13,28,2.7999999999999994,0,sampled_28d,2.5,42,perfect_foresight
nonoverlapping_24h,actual_expense,EUR/block,0.9,7.923506153465418,9.925015213815788,10.163290681537829,28,2.7999999999999994,0,sampled_28d,2.5,42,perfect_foresight
nonoverlapping_24h,shortage_penalty,EUR/block,0.9,3.018220594088104e-13,2.220446049250313e-14,3.0023602651648883e-12,28,2.7999999999999994,0,sampled_28d,2.5,42,perfect_foresight
nonoverlapping_24h,inventory_adjustment,EUR/block,0.9,0.09613928571428561,0.6101360711348687,0.6702888774671052,28,2.7999999999999994,0,sampled_28d,2.5,42,perfect_foresight
nonoverlapping_24h,adjusted_loss,EUR/block,0.9,8.019645439180007,10.214543297697368,10.506181648624542,28,2.7999999999999994,0,sampled_28d,2.5,42,perfect_foresight
nonoverlapping_24h,ens,kWh/block,0.9,3.018220594088104e-14,2.220446049250313e-15,3.002360265164888e-13,28,2.7999999999999994,0,sampled_28d,2.5,42,perfect_foresight
hour,actual_expense,EUR/hour,0.9,0.3397165430584698,0.5045,0.505695290507968,672,67.19999999999999,0,sampled_28d,2.5,42,deterministic
hour,shortage_penalty,EUR/hour,0.9,0.09458447886702719,0.0,0.9458447886702721,672,67.19999999999999,0,sampled_28d,2.5,42,deterministic
hour,inventory_adjustment,EUR/hour,0.9,0.004005803571428583,0.0852631578947368,0.1648618807193416,672,67.19999999999999,0,sampled_28d,2.5,42,deterministic
hour,adjusted_loss,EUR/hour,0.9,0.43830682549692557,0.6337213199013157,1.4850615543982617,672,67.19999999999999,0,sampled_28d,2.5,42,deterministic
hour,ens,kWh/hour,0.9,0.009458447886702716,0.0,0.09458447886702719,672,67.19999999999999,0,sampled_28d,2.5,42,deterministic
utc_day,actual_expense,EUR/block,0.9,8.153197033403275,9.968660837950138,10.142929807721384,28,2.7999999999999994,0,sampled_28d,2.5,42,deterministic
utc_day,shortage_penalty,EUR/block,0.9,2.2700274928086523,8.899528401692741,14.639353259858664,28,2.7999999999999994,0,sampled_28d,2.5,42,deterministic
utc_day,inventory_adjustment,EUR/block,0.9,0.09613928571428598,0.6943499999999999,0.69435,28,2.7999999999999994,0,sampled_28d,2.5,42,deterministic
utc_day,adjusted_loss,EUR/block,0.9,10.519363811926214,18.97044682576501,24.1998076798503,28,2.7999999999999994,0,sampled_28d,2.5,42,deterministic
utc_day,ens,kWh/block,0.9,0.22700274928086514,0.8899528401692741,1.4639353259858663,28,2.7999999999999994,0,sampled_28d,2.5,42,deterministic
nonoverlapping_24h,actual_expense,EUR/block,0.9,8.153197033403275,9.968660837950138,10.142929807721384,28,2.7999999999999994,0,sampled_28d,2.5,42,deterministic
nonoverlapping_24h,shortage_penalty,EUR/block,0.9,2.2700274928086523,8.899528401692741,14.639353259858664,28,2.7999999999999994,0,sampled_28d,2.5,42,deterministic
nonoverlapping_24h,inventory_adjustment,EUR/block,0.9,0.09613928571428598,0.6943499999999999,0.69435,28,2.7999999999999994,0,sampled_28d,2.5,42,deterministic
nonoverlapping_24h,adjusted_loss,EUR/block,0.9,10.519363811926214,18.97044682576501,24.1998076798503,28,2.7999999999999994,0,sampled_28d,2.5,42,deterministic
nonoverlapping_24h,ens,kWh/block,0.9,0.22700274928086514,0.8899528401692741,1.4639353259858663,28,2.7999999999999994,0,sampled_28d,2.5,42,deterministic
hour,actual_expense,EUR/hour,0.9,0.3345806968023709,0.5045,0.5056425926571805,672,67.19999999999999,0,sampled_28d,2.5,42,stochastic
hour,shortage_penalty,EUR/hour,0.9,0.029218100203948855,0.0,0.29218100203948866,672,67.19999999999999,0,sampled_28d,2.5,42,stochastic
hour,inventory_adjustment,EUR/hour,0.9,0.004005803571428586,0.1326315789473683,0.2721587287091543,672,67.19999999999999,0,sampled_28d,2.5,42,stochastic
hour,adjusted_loss,EUR/hour,0.9,0.3678046005777484,0.5897631578947368,0.8986934470278121,672,67.19999999999999,0,sampled_28d,2.5,42,stochastic
hour,ens,kWh/hour,0.9,0.0029218100203948854,0.0,0.029218100203948855,672,67.19999999999999,0,sampled_28d,2.5,42,stochastic
utc_day,actual_expense,EUR/block,0.9,8.0299367232569,9.99481752024715,10.251230728473722,28,2.7999999999999994,0,sampled_28d,2.5,42,stochastic
utc_day,shortage_penalty,EUR/block,0.9,0.7012344048947725,0.55650809151786,6.811460658482156,28,2.7999999999999994,0,sampled_28d,2.5,42,stochastic
utc_day,inventory_adjustment,EUR/block,0.9,0.09613928571428605,0.6943499999999999,0.6943500000000001,28,2.7999999999999994,0,sampled_28d,2.5,42,stochastic
utc_day,adjusted_loss,EUR/block,0.9,8.827310413865963,10.390338830397333,17.031963020850828,28,2.7999999999999994,0,sampled_28d,2.5,42,stochastic
utc_day,ens,kWh/block,0.9,0.07012344048947726,0.0556508091517859,0.6811460658482156,28,2.7999999999999994,0,sampled_28d,2.5,42,stochastic
nonoverlapping_24h,actual_expense,EUR/block,0.9,8.0299367232569,9.99481752024715,10.251230728473722,28,2.7999999999999994,0,sampled_28d,2.5,42,stochastic
nonoverlapping_24h,shortage_penalty,EUR/block,0.9,0.7012344048947725,0.55650809151786,6.811460658482156,28,2.7999999999999994,0,sampled_28d,2.5,42,stochastic
nonoverlapping_24h,inventory_adjustment,EUR/block,0.9,0.09613928571428605,0.6943499999999999,0.6943500000000001,28,2.7999999999999994,0,sampled_28d,2.5,42,stochastic
nonoverlapping_24h,adjusted_loss,EUR/block,0.9,8.827310413865963,10.390338830397333,17.031963020850828,28,2.7999999999999994,0,sampled_28d,2.5,42,stochastic
nonoverlapping_24h,ens,kWh/block,0.9,0.07012344048947726,0.0556508091517859,0.6811460658482156,28,2.7999999999999994,0,sampled_28d,2.5,42,stochastic
hour,actual_expense,EUR/hour,0.9,0.3349267964121979,0.5045,0.5056425926571805,672,67.19999999999999,0,sampled_28d,2.5,42,cvar_0.5
hour,shortage_penalty,EUR/hour,0.9,0.034233656383696215,0.0,0.34233656383696215,672,67.19999999999999,0,sampled_28d,2.5,42,cvar_0.5
hour,inventory_adjustment,EUR/hour,0.9,0.004005803571428586,0.1326315789473683,0.2766696142079879,672,67.19999999999999,0,sampled_28d,2.5,42,cvar_0.5
hour,adjusted_loss,EUR/hour,0.9,0.37316625636732276,0.5897631578947369,0.9453249315599895,672,67.19999999999999,0,sampled_28d,2.5,42,cvar_0.5
hour,ens,kWh/hour,0.9,0.00342336563836962,0.0,0.0342336563836962,672,67.19999999999999,0,sampled_28d,2.5,42,cvar_0.5
utc_day,actual_expense,EUR/block,0.9,8.038243113892749,9.9937731640625,10.238500294296761,28,2.7999999999999994,0,sampled_28d,2.5,42,cvar_0.5
utc_day,shortage_penalty,EUR/block,0.9,0.821607753208709,1.2999877929687509,7.60215541294644,28,2.7999999999999994,0,sampled_28d,2.5,42,cvar_0.5
utc_day,inventory_adjustment,EUR/block,0.9,0.09613928571428605,0.6943499999999997,0.6943499999999998,28,2.7999999999999994,0,sampled_28d,2.5,42,cvar_0.5
utc_day,adjusted_loss,EUR/block,0.9,8.955990152815746,10.390338830397338,17.59780295677637,28,2.7999999999999994,0,sampled_28d,2.5,42,cvar_0.5
utc_day,ens,kWh/block,0.9,0.08216077532087088,0.129998779296875,0.760215541294644,28,2.7999999999999994,0,sampled_28d,2.5,42,cvar_0.5
nonoverlapping_24h,actual_expense,EUR/block,0.9,8.038243113892749,9.9937731640625,10.238500294296761,28,2.7999999999999994,0,sampled_28d,2.5,42,cvar_0.5
nonoverlapping_24h,shortage_penalty,EUR/block,0.9,0.821607753208709,1.2999877929687509,7.60215541294644,28,2.7999999999999994,0,sampled_28d,2.5,42,cvar_0.5
nonoverlapping_24h,inventory_adjustment,EUR/block,0.9,0.09613928571428605,0.6943499999999997,0.6943499999999998,28,2.7999999999999994,0,sampled_28d,2.5,42,cvar_0.5
nonoverlapping_24h,adjusted_loss,EUR/block,0.9,8.955990152815746,10.390338830397338,17.59780295677637,28,2.7999999999999994,0,sampled_28d,2.5,42,cvar_0.5
nonoverlapping_24h,ens,kWh/block,0.9,0.08216077532087088,0.129998779296875,0.760215541294644,28,2.7999999999999994,0,sampled_28d,2.5,42,cvar_0.5
hour,actual_expense,EUR/hour,0.9,0.3301460897277258,0.5045,0.5058437906901048,672,67.19999999999999,0,all_matching_28d,2.5,42,perfect_foresight
hour,shortage_penalty,EUR/hour,0.9,1.2575919142033767e-14,0.0,1.257591914203377e-13,672,67.19999999999999,0,all_matching_28d,2.5,42,perfect_foresight
hour,inventory_adjustment,EUR/hour,0.9,0.004005803571428567,0.1326315789472385,0.2410228546830941,672,67.19999999999999,0,all_matching_28d,2.5,42,perfect_foresight
hour,adjusted_loss,EUR/hour,0.9,0.33415189329916695,0.5897631578947368,0.6180485014530656,672,67.19999999999999,0,all_matching_28d,2.5,42,perfect_foresight
hour,ens,kWh/hour,0.9,1.2575919142033767e-15,0.0,1.257591914203377e-14,672,67.19999999999999,0,all_matching_28d,2.5,42,perfect_foresight
utc_day,actual_expense,EUR/block,0.9,7.923506153465418,9.925015213815788,10.163290681537829,28,2.7999999999999994,0,all_matching_28d,2.5,42,perfect_foresight
utc_day,shortage_penalty,EUR/block,0.9,3.018220594088104e-13,2.220446049250313e-14,3.0023602651648883e-12,28,2.7999999999999994,0,all_matching_28d,2.5,42,perfect_foresight
utc_day,inventory_adjustment,EUR/block,0.9,0.09613928571428561,0.6101360711348687,0.6702888774671052,28,2.7999999999999994,0,all_matching_28d,2.5,42,perfect_foresight
utc_day,adjusted_loss,EUR/block,0.9,8.019645439180007,10.214543297697368,10.506181648624542,28,2.7999999999999994,0,all_matching_28d,2.5,42,perfect_foresight
utc_day,ens,kWh/block,0.9,3.018220594088104e-14,2.220446049250313e-15,3.002360265164888e-13,28,2.7999999999999994,0,all_matching_28d,2.5,42,perfect_foresight
nonoverlapping_24h,actual_expense,EUR/block,0.9,7.923506153465418,9.925015213815788,10.163290681537829,28,2.7999999999999994,0,all_matching_28d,2.5,42,perfect_foresight
nonoverlapping_24h,shortage_penalty,EUR/block,0.9,3.018220594088104e-13,2.220446049250313e-14,3.0023602651648883e-12,28,2.7999999999999994,0,all_matching_28d,2.5,42,perfect_foresight
nonoverlapping_24h,inventory_adjustment,EUR/block,0.9,0.09613928571428561,0.6101360711348687,0.6702888774671052,28,2.7999999999999994,0,all_matching_28d,2.5,42,perfect_foresight
nonoverlapping_24h,adjusted_loss,EUR/block,0.9,8.019645439180007,10.214543297697368,10.506181648624542,28,2.7999999999999994,0,all_matching_28d,2.5,42,perfect_foresight
nonoverlapping_24h,ens,kWh/block,0.9,3.018220594088104e-14,2.220446049250313e-15,3.002360265164888e-13,28,2.7999999999999994,0,all_matching_28d,2.5,42,perfect_foresight
hour,actual_expense,EUR/hour,0.9,0.3397165430584698,0.5045,0.505695290507968,672,67.19999999999999,0,all_matching_28d,2.5,42,deterministic
hour,shortage_penalty,EUR/hour,0.9,0.09458447886702719,0.0,0.9458447886702721,672,67.19999999999999,0,all_matching_28d,2.5,42,deterministic
hour,inventory_adjustment,EUR/hour,0.9,0.004005803571428583,0.0852631578947368,0.1648618807193416,672,67.19999999999999,0,all_matching_28d,2.5,42,deterministic
hour,adjusted_loss,EUR/hour,0.9,0.43830682549692557,0.6337213199013157,1.4850615543982617,672,67.19999999999999,0,all_matching_28d,2.5,42,deterministic
hour,ens,kWh/hour,0.9,0.009458447886702716,0.0,0.09458447886702719,672,67.19999999999999,0,all_matching_28d,2.5,42,deterministic
utc_day,actual_expense,EUR/block,0.9,8.153197033403275,9.968660837950138,10.142929807721384,28,2.7999999999999994,0,all_matching_28d,2.5,42,deterministic
utc_day,shortage_penalty,EUR/block,0.9,2.2700274928086523,8.899528401692741,14.639353259858664,28,2.7999999999999994,0,all_matching_28d,2.5,42,deterministic
utc_day,inventory_adjustment,EUR/block,0.9,0.09613928571428598,0.6943499999999999,0.69435,28,2.7999999999999994,0,all_matching_28d,2.5,42,deterministic
utc_day,adjusted_loss,EUR/block,0.9,10.519363811926214,18.97044682576501,24.1998076798503,28,2.7999999999999994,0,all_matching_28d,2.5,42,deterministic
utc_day,ens,kWh/block,0.9,0.22700274928086514,0.8899528401692741,1.4639353259858663,28,2.7999999999999994,0,all_matching_28d,2.5,42,deterministic
nonoverlapping_24h,actual_expense,EUR/block,0.9,8.153197033403275,9.968660837950138,10.142929807721384,28,2.7999999999999994,0,all_matching_28d,2.5,42,deterministic
nonoverlapping_24h,shortage_penalty,EUR/block,0.9,2.2700274928086523,8.899528401692741,14.639353259858664,28,2.7999999999999994,0,all_matching_28d,2.5,42,deterministic
nonoverlapping_24h,inventory_adjustment,EUR/block,0.9,0.09613928571428598,0.6943499999999999,0.69435,28,2.7999999999999994,0,all_matching_28d,2.5,42,deterministic
nonoverlapping_24h,adjusted_loss,EUR/block,0.9,10.519363811926214,18.97044682576501,24.1998076798503,28,2.7999999999999994,0,all_matching_28d,2.5,42,deterministic
nonoverlapping_24h,ens,kWh/block,0.9,0.22700274928086514,0.8899528401692741,1.4639353259858663,28,2.7999999999999994,0,all_matching_28d,2.5,42,deterministic
hour,actual_expense,EUR/hour,0.9,0.3369360847355246,0.5045,0.505740823836554,672,67.19999999999999,0,all_matching_28d,2.5,42,stochastic
hour,shortage_penalty,EUR/hour,0.9,0.030167098272414553,0.0,0.3016709827241455,672,67.19999999999999,0,all_matching_28d,2.5,42,stochastic
hour,inventory_adjustment,EUR/hour,0.9,0.0040058035714285855,0.1049016902608078,0.1967749008031204,672,67.19999999999999,0,all_matching_28d,2.5,42,stochastic
hour,adjusted_loss,EUR/hour,0.9,0.3711089865793678,0.5897631578947368,0.9100983913600562,672,67.19999999999999,0,all_matching_28d,2.5,42,stochastic
hour,ens,kWh/hour,0.9,0.003016709827241455,0.0,0.030167098272414546,672,67.19999999999999,0,all_matching_28d,2.5,42,stochastic
utc_day,actual_expense,EUR/block,0.9,8.08646603365259,9.993203690378289,10.254325665470217,28,2.7999999999999994,0,all_matching_28d,2.5,42,stochastic
utc_day,shortage_penalty,EUR/block,0.9,0.7240103585379494,0.8945678710937477,7.101967200454412,28,2.7999999999999994,0,all_matching_28d,2.5,42,stochastic
utc_day,inventory_adjustment,EUR/block,0.9,0.09613928571428602,0.6943500000000001,0.6943500000000001,28,2.7999999999999994,0,all_matching_28d,2.5,42,stochastic
utc_day,adjusted_loss,EUR/block,0.9,8.906615677904826,10.390338830397335,17.229437085617572,28,2.7999999999999994,0,all_matching_28d,2.5,42,stochastic
utc_day,ens,kWh/block,0.9,0.0724010358537949,0.0894567871093746,0.7101967200454411,28,2.7999999999999994,0,all_matching_28d,2.5,42,stochastic
nonoverlapping_24h,actual_expense,EUR/block,0.9,8.08646603365259,9.993203690378289,10.254325665470217,28,2.7999999999999994,0,all_matching_28d,2.5,42,stochastic
nonoverlapping_24h,shortage_penalty,EUR/block,0.9,0.7240103585379494,0.8945678710937477,7.101967200454412,28,2.7999999999999994,0,all_matching_28d,2.5,42,stochastic
nonoverlapping_24h,inventory_adjustment,EUR/block,0.9,0.09613928571428602,0.6943500000000001,0.6943500000000001,28,2.7999999999999994,0,all_matching_28d,2.5,42,stochastic
nonoverlapping_24h,adjusted_loss,EUR/block,0.9,8.906615677904826,10.390338830397335,17.229437085617572,28,2.7999999999999994,0,all_matching_28d,2.5,42,stochastic
nonoverlapping_24h,ens,kWh/block,0.9,0.0724010358537949,0.0894567871093746,0.7101967200454411,28,2.7999999999999994,0,all_matching_28d,2.5,42,stochastic
hour,actual_expense,EUR/hour,0.9,0.33690196731667993,0.5045,0.5056833864789567,672,67.19999999999999,0,all_matching_28d,2.5,42,cvar_0.5
hour,shortage_penalty,EUR/hour,0.9,0.03676320549582144,0.0,0.3676320549582144,672,67.19999999999999,0,all_matching_28d,2.5,42,cvar_0.5
hour,inventory_adjustment,EUR/hour,0.9,0.003965308997198301,0.1069947823660709,0.2219133385756038,672,67.19999999999999,0,all_matching_28d,2.5,42,cvar_0.5
hour,adjusted_loss,EUR/hour,0.9,0.3776304818096997,0.5897631578947368,0.9747337646713841,672,67.19999999999999,0,all_matching_28d,2.5,42,cvar_0.5
hour,ens,kWh/hour,0.9,0.003676320549582143,0.0,0.03676320549582144,672,67.19999999999999,0,all_matching_28d,2.5,42,cvar_0.5
utc_day,actual_expense,EUR/block,0.9,8.085647215600318,9.993203690378289,10.223278178950675,28,2.7999999999999994,0,all_matching_28d,2.5,42,cvar_0.5
utc_day,shortage_penalty,EUR/block,0.9,0.8823169318997147,1.4913661411830237,8.71664316605549,28,2.7999999999999994,0,all_matching_28d,2.5,42,cvar_0.5
utc_day,inventory_adjustment,EUR/block,0.9,0.09516741593275917,0.6943500000000001,0.6943500000000001,28,2.7999999999999994,0,all_matching_28d,2.5,42,cvar_0.5
utc_day,adjusted_loss,EUR/block,0.9,9.063131563432792,10.390338830397333,18.64255177324503,28,2.7999999999999994,0,all_matching_28d,2.5,42,cvar_0.5
utc_day,ens,kWh/block,0.9,0.08823169318997146,0.1491366141183022,0.8716643166055488,28,2.7999999999999994,0,all_matching_28d,2.5,42,cvar_0.5
nonoverlapping_24h,actual_expense,EUR/block,0.9,8.085647215600318,9.993203690378289,10.223278178950675,28,2.7999999999999994,0,all_matching_28d,2.5,42,cvar_0.5
nonoverlapping_24h,shortage_penalty,EUR/block,0.9,0.8823169318997147,1.4913661411830237,8.71664316605549,28,2.7999999999999994,0,all_matching_28d,2.5,42,cvar_0.5
nonoverlapping_24h,inventory_adjustment,EUR/block,0.9,0.09516741593275917,0.6943500000000001,0.6943500000000001,28,2.7999999999999994,0,all_matching_28d,2.5,42,cvar_0.5
nonoverlapping_24h,adjusted_loss,EUR/block,0.9,9.063131563432792,10.390338830397333,18.64255177324503,28,2.7999999999999994,0,all_matching_28d,2.5,42,cvar_0.5
nonoverlapping_24h,ens,kWh/block,0.9,0.08823169318997146,0.1491366141183022,0.8716643166055488,28,2.7999999999999994,0,all_matching_28d,2.5,42,cvar_0.5
hour,actual_expense,EUR/hour,0.9,0.3757947130500885,0.507,0.5069999999999999,96,9.599999999999998,0,planned_48h,2.5,42,perfect_foresight
hour,shortage_penalty,EUR/hour,0.9,6.476300976980079e-16,0.0,6.476300976980081e-15,96,9.599999999999998,0,planned_48h,2.5,42,perfect_foresight
hour,inventory_adjustment,EUR/hour,0.9,0.014020312500000002,0.1326315789473684,0.14033699437191605,96,9.599999999999998,0,planned_48h,2.5,42,perfect_foresight
hour,adjusted_loss,EUR/hour,0.9,0.3898150255500892,0.6396315789473684,0.6396315789473684,96,9.599999999999998,0,planned_48h,2.5,42,perfect_foresight
hour,ens,kWh/hour,0.9,6.47630097698008e-17,0.0,6.47630097698008e-16,96,9.599999999999998,0,planned_48h,2.5,42,perfect_foresight
utc_day,actual_expense,EUR/block,0.9,9.019073113202124,9.693372549125693,9.693372549125693,4,0.3999999999999999,0,planned_48h,2.5,42,perfect_foresight
utc_day,shortage_penalty,EUR/block,0.9,1.554312234475219e-14,5.773159728050814e-14,5.773159728050814e-14,4,0.3999999999999999,0,planned_48h,2.5,42,perfect_foresight
utc_day,inventory_adjustment,EUR/block,0.9,0.33648750000000005,0.6943499999999998,0.6943499999999998,4,0.3999999999999999,0,planned_48h,2.5,42,perfect_foresight
utc_day,adjusted_loss,EUR/block,0.9,9.35556061320214,10.387722549125693,10.387722549125693,4,0.3999999999999999,0,planned_48h,2.5,42,perfect_foresight
utc_day,ens,kWh/block,0.9,1.5543122344752192e-15,5.773159728050814e-15,5.773159728050815e-15,4,0.3999999999999999,0,planned_48h,2.5,42,perfect_foresight
nonoverlapping_24h,actual_expense,EUR/block,0.9,9.019073113202124,9.693372549125693,9.693372549125693,4,0.3999999999999999,0,planned_48h,2.5,42,perfect_foresight
nonoverlapping_24h,shortage_penalty,EUR/block,0.9,1.554312234475219e-14,5.773159728050814e-14,5.773159728050814e-14,4,0.3999999999999999,0,planned_48h,2.5,42,perfect_foresight
nonoverlapping_24h,inventory_adjustment,EUR/block,0.9,0.33648750000000005,0.6943499999999998,0.6943499999999998,4,0.3999999999999999,0,planned_48h,2.5,42,perfect_foresight
nonoverlapping_24h,adjusted_loss,EUR/block,0.9,9.35556061320214,10.387722549125693,10.387722549125693,4,0.3999999999999999,0,planned_48h,2.5,42,perfect_foresight
nonoverlapping_24h,ens,kWh/block,0.9,1.5543122344752192e-15,5.773159728050814e-15,5.773159728050815e-15,4,0.3999999999999999,0,planned_48h,2.5,42,perfect_foresight
hour,actual_expense,EUR/hour,0.9,0.37706351347132466,0.507,0.5069999999999999,96,9.599999999999998,0,planned_48h,2.5,42,deterministic
hour,shortage_penalty,EUR/hour,0.9,0.1364784283108187,0.0323160807291778,1.3632343292236377,96,9.599999999999998,0,planned_48h,2.5,42,deterministic
hour,inventory_adjustment,EUR/hour,0.9,0.014020312500000012,0.1326315789473684,0.15021978627828722,96,9.599999999999998,0,planned_48h,2.5,42,deterministic
hour,adjusted_loss,EUR/hour,0.9,0.5275622542821433,0.6396315789473684,1.851407234640293,96,9.599999999999998,0,planned_48h,2.5,42,deterministic
hour,ens,kWh/hour,0.9,0.013647842831081863,0.0032316080729177,0.13632343292236374,96,9.599999999999998,0,planned_48h,2.5,42,deterministic
utc_day,actual_expense,EUR/block,0.9,9.049524323311793,10.070918424072264,10.070918424072264,4,0.3999999999999999,0,planned_48h,2.5,42,deterministic
utc_day,shortage_penalty,EUR/block,0.9,3.275482279459648,8.899528401692741,8.899528401692741,4,0.3999999999999999,0,planned_48h,2.5,42,deterministic
utc_day,inventory_adjustment,EUR/block,0.9,0.3364875000000002,0.6943500000000001,0.6943500000000001,4,0.3999999999999999,0,planned_48h,2.5,42,deterministic
utc_day,adjusted_loss,EUR/block,0.9,12.661494102771442,18.97044682576501,18.97044682576501,4,0.3999999999999999,0,planned_48h,2.5,42,deterministic
utc_day,ens,kWh/block,0.9,0.3275482279459647,0.8899528401692741,0.8899528401692742,4,0.3999999999999999,0,planned_48h,2.5,42,deterministic
nonoverlapping_24h,actual_expense,EUR/block,0.9,9.049524323311793,10.070918424072264,10.070918424072264,4,0.3999999999999999,0,planned_48h,2.5,42,deterministic
nonoverlapping_24h,shortage_penalty,EUR/block,0.9,3.275482279459648,8.899528401692741,8.899528401692741,4,0.3999999999999999,0,planned_48h,2.5,42,deterministic
nonoverlapping_24h,inventory_adjustment,EUR/block,0.9,0.3364875000000002,0.6943500000000001,0.6943500000000001,4,0.3999999999999999,0,planned_48h,2.5,42,deterministic
nonoverlapping_24h,adjusted_loss,EUR/block,0.9,12.661494102771442,18.97044682576501,18.97044682576501,4,0.3999999999999999,0,planned_48h,2.5,42,deterministic
nonoverlapping_24h,ens,kWh/block,0.9,0.3275482279459647,0.8899528401692741,0.8899528401692742,4,0.3999999999999999,0,planned_48h,2.5,42,deterministic
hour,actual_expense,EUR/hour,0.9,0.37897512594938315,0.507,0.5069999999999999,96,9.599999999999998,0,planned_48h,2.5,42,stochastic
hour,shortage_penalty,EUR/hour,0.9,0.01661028180803571,0.0,0.1661028180803571,96,9.599999999999998,0,planned_48h,2.5,42,stochastic
hour,inventory_adjustment,EUR/hour,0.9,0.014020312500000007,0.1326315789473684,0.16867554972942606,96,9.599999999999998,0,planned_48h,2.5,42,stochastic
hour,adjusted_loss,EUR/hour,0.9,0.40960572025741887,0.6396315789473684,0.7999252268855732,96,9.599999999999998,0,planned_48h,2.5,42,stochastic
hour,ens,kWh/hour,0.9,0.0016610281808035708,0.0,0.01661028180803571,96,9.599999999999998,0,planned_48h,2.5,42,stochastic
utc_day,actual_expense,EUR/block,0.9,9.095403022785193,10.234720162479595,10.234720162479595,4,0.3999999999999999,0,planned_48h,2.5,42,stochastic
utc_day,shortage_penalty,EUR/block,0.9,0.398646763392857,1.594587053571428,1.594587053571428,4,0.3999999999999999,0,planned_48h,2.5,42,stochastic
utc_day,inventory_adjustment,EUR/block,0.9,0.33648750000000016,0.6943500000000001,0.6943500000000001,4,0.3999999999999999,0,planned_48h,2.5,42,stochastic
utc_day,adjusted_loss,EUR/block,0.9,9.830537286178052,11.829307216051024,11.829307216051024,4,0.3999999999999999,0,planned_48h,2.5,42,stochastic
utc_day,ens,kWh/block,0.9,0.0398646763392857,0.1594587053571428,0.1594587053571428,4,0.3999999999999999,0,planned_48h,2.5,42,stochastic
nonoverlapping_24h,actual_expense,EUR/block,0.9,9.095403022785193,10.234720162479595,10.234720162479595,4,0.3999999999999999,0,planned_48h,2.5,42,stochastic
nonoverlapping_24h,shortage_penalty,EUR/block,0.9,0.398646763392857,1.594587053571428,1.594587053571428,4,0.3999999999999999,0,planned_48h,2.5,42,stochastic
nonoverlapping_24h,inventory_adjustment,EUR/block,0.9,0.33648750000000016,0.6943500000000001,0.6943500000000001,4,0.3999999999999999,0,planned_48h,2.5,42,stochastic
nonoverlapping_24h,adjusted_loss,EUR/block,0.9,9.830537286178052,11.829307216051024,11.829307216051024,4,0.3999999999999999,0,planned_48h,2.5,42,stochastic
nonoverlapping_24h,ens,kWh/block,0.9,0.0398646763392857,0.1594587053571428,0.1594587053571428,4,0.3999999999999999,0,planned_48h,2.5,42,stochastic
hour,actual_expense,EUR/hour,0.9,0.3787069832013996,0.507,0.5069999999999999,96,9.599999999999998,0,planned_48h,2.5,42,cvar_0.5
hour,shortage_penalty,EUR/hour,0.9,0.016610281808035986,0.0,0.16610281808035987,96,9.599999999999998,0,planned_48h,2.5,42,cvar_0.5
hour,inventory_adjustment,EUR/hour,0.9,0.014020312500000002,0.1326315789473684,0.1660478437610138,96,9.599999999999998,0,planned_48h,2.5,42,cvar_0.5
hour,adjusted_loss,EUR/hour,0.9,0.40933757750943567,0.6396315789473684,0.7999252268855737,96,9.599999999999998,0,planned_48h,2.5,42,cvar_0.5
hour,ens,kWh/hour,0.9,0.0016610281808035973,0.0,0.01661028180803598,96,9.599999999999998,0,planned_48h,2.5,42,cvar_0.5
utc_day,actual_expense,EUR/block,0.9,9.08896759683359,10.234720162479595,10.234720162479595,4,0.3999999999999999,0,planned_48h,2.5,42,cvar_0.5
utc_day,shortage_penalty,EUR/block,0.9,0.39864676339286365,1.594587053571428,1.594587053571428,4,0.3999999999999999,0,planned_48h,2.5,42,cvar_0.5
utc_day,inventory_adjustment,EUR/block,0.9,0.33648750000000005,0.6943499999999999,0.6943499999999998,4,0.3999999999999999,0,planned_48h,2.5,42,cvar_0.5
utc_day,adjusted_loss,EUR/block,0.9,9.824101860226456,11.829307216051022,11.829307216051022,4,0.3999999999999999,0,planned_48h,2.5,42,cvar_0.5
utc_day,ens,kWh/block,0.9,0.03986467633928634,0.15945870535714268,0.15945870535714268,4,0.3999999999999999,0,planned_48h,2.5,42,cvar_0.5
nonoverlapping_24h,actual_expense,EUR/block,0.9,9.08896759683359,10.234720162479595,10.234720162479595,4,0.3999999999999999,0,planned_48h,2.5,42,cvar_0.5
nonoverlapping_24h,shortage_penalty,EUR/block,0.9,0.39864676339286365,1.594587053571428,1.594587053571428,4,0.3999999999999999,0,planned_48h,2.5,42,cvar_0.5
nonoverlapping_24h,inventory_adjustment,EUR/block,0.9,0.33648750000000005,0.6943499999999999,0.6943499999999998,4,0.3999999999999999,0,planned_48h,2.5,42,cvar_0.5
nonoverlapping_24h,adjusted_loss,EUR/block,0.9,9.824101860226456,11.829307216051022,11.829307216051022,4,0.3999999999999999,0,planned_48h,2.5,42,cvar_0.5
nonoverlapping_24h,ens,kWh/block,0.9,0.03986467633928634,0.15945870535714268,0.15945870535714268,4,0.3999999999999999,0,planned_48h,2.5,42,cvar_0.5
hour,actual_expense,EUR/hour,0.9,0.3757947130500885,0.507,0.5069999999999999,96,9.599999999999998,0,deficit_discharge_48h,2.5,42,perfect_foresight
hour,shortage_penalty,EUR/hour,0.9,6.476300976980079e-16,0.0,6.476300976980081e-15,96,9.599999999999998,0,deficit_discharge_48h,2.5,42,perfect_foresight
hour,inventory_adjustment,EUR/hour,0.9,0.014020312500000002,0.1326315789473684,0.14033699437191605,96,9.599999999999998,0,deficit_discharge_48h,2.5,42,perfect_foresight
hour,adjusted_loss,EUR/hour,0.9,0.3898150255500892,0.6396315789473684,0.6396315789473684,96,9.599999999999998,0,deficit_discharge_48h,2.5,42,perfect_foresight
hour,ens,kWh/hour,0.9,6.47630097698008e-17,0.0,6.47630097698008e-16,96,9.599999999999998,0,deficit_discharge_48h,2.5,42,perfect_foresight
utc_day,actual_expense,EUR/block,0.9,9.019073113202124,9.693372549125693,9.693372549125693,4,0.3999999999999999,0,deficit_discharge_48h,2.5,42,perfect_foresight
utc_day,shortage_penalty,EUR/block,0.9,1.554312234475219e-14,5.773159728050814e-14,5.773159728050814e-14,4,0.3999999999999999,0,deficit_discharge_48h,2.5,42,perfect_foresight
utc_day,inventory_adjustment,EUR/block,0.9,0.33648750000000005,0.6943499999999998,0.6943499999999998,4,0.3999999999999999,0,deficit_discharge_48h,2.5,42,perfect_foresight
utc_day,adjusted_loss,EUR/block,0.9,9.35556061320214,10.387722549125693,10.387722549125693,4,0.3999999999999999,0,deficit_discharge_48h,2.5,42,perfect_foresight
utc_day,ens,kWh/block,0.9,1.5543122344752192e-15,5.773159728050814e-15,5.773159728050815e-15,4,0.3999999999999999,0,deficit_discharge_48h,2.5,42,perfect_foresight
nonoverlapping_24h,actual_expense,EUR/block,0.9,9.019073113202124,9.693372549125693,9.693372549125693,4,0.3999999999999999,0,deficit_discharge_48h,2.5,42,perfect_foresight
nonoverlapping_24h,shortage_penalty,EUR/block,0.9,1.554312234475219e-14,5.773159728050814e-14,5.773159728050814e-14,4,0.3999999999999999,0,deficit_discharge_48h,2.5,42,perfect_foresight
nonoverlapping_24h,inventory_adjustment,EUR/block,0.9,0.33648750000000005,0.6943499999999998,0.6943499999999998,4,0.3999999999999999,0,deficit_discharge_48h,2.5,42,perfect_foresight
nonoverlapping_24h,adjusted_loss,EUR/block,0.9,9.35556061320214,10.387722549125693,10.387722549125693,4,0.3999999999999999,0,deficit_discharge_48h,2.5,42,perfect_foresight
nonoverlapping_24h,ens,kWh/block,0.9,1.5543122344752192e-15,5.773159728050814e-15,5.773159728050815e-15,4,0.3999999999999999,0,deficit_discharge_48h,2.5,42,perfect_foresight
hour,actual_expense,EUR/hour,0.9,0.37799737851216814,0.507,0.5069999999999999,96,9.599999999999998,0,deficit_discharge_48h,2.5,42,deterministic
hour,shortage_penalty,EUR/hour,0.9,0.09304004669189496,0.0,0.9304004669189496,96,9.599999999999998,0,deficit_discharge_48h,2.5,42,deterministic
hour,inventory_adjustment,EUR/hour,0.9,0.014020312500000008,0.1326315789473684,0.15021978627828722,96,9.599999999999998,0,deficit_discharge_48h,2.5,42,deterministic
hour,adjusted_loss,EUR/hour,0.9,0.4850577377040631,0.6396315789473684,1.5377572278943015,96,9.599999999999998,0,deficit_discharge_48h,2.5,42,deterministic
hour,ens,kWh/hour,0.9,0.009304004669189493,0.0,0.09304004669189495,96,9.599999999999998,0,deficit_discharge_48h,2.5,42,deterministic
utc_day,actual_expense,EUR/block,0.9,9.071937084292035,10.070918424072264,10.070918424072264,4,0.3999999999999999,0,deficit_discharge_48h,2.5,42,deterministic
utc_day,shortage_penalty,EUR/block,0.9,2.2329611206054785,8.899528401692741,8.899528401692741,4,0.3999999999999999,0,deficit_discharge_48h,2.5,42,deterministic
utc_day,inventory_adjustment,EUR/block,0.9,0.3364875000000003,0.6943500000000001,0.6943500000000001,4,0.3999999999999999,0,deficit_discharge_48h,2.5,42,deterministic
utc_day,adjusted_loss,EUR/block,0.9,11.641385704897514,18.97044682576501,18.97044682576501,4,0.3999999999999999,0,deficit_discharge_48h,2.5,42,deterministic
utc_day,ens,kWh/block,0.9,0.22329611206054786,0.8899528401692742,0.8899528401692742,4,0.3999999999999999,0,deficit_discharge_48h,2.5,42,deterministic
nonoverlapping_24h,actual_expense,EUR/block,0.9,9.071937084292035,10.070918424072264,10.070918424072264,4,0.3999999999999999,0,deficit_discharge_48h,2.5,42,deterministic
nonoverlapping_24h,shortage_penalty,EUR/block,0.9,2.2329611206054785,8.899528401692741,8.899528401692741,4,0.3999999999999999,0,deficit_discharge_48h,2.5,42,deterministic
nonoverlapping_24h,inventory_adjustment,EUR/block,0.9,0.3364875000000003,0.6943500000000001,0.6943500000000001,4,0.3999999999999999,0,deficit_discharge_48h,2.5,42,deterministic
nonoverlapping_24h,adjusted_loss,EUR/block,0.9,11.641385704897514,18.97044682576501,18.97044682576501,4,0.3999999999999999,0,deficit_discharge_48h,2.5,42,deterministic
nonoverlapping_24h,ens,kWh/block,0.9,0.22329611206054786,0.8899528401692742,0.8899528401692742,4,0.3999999999999999,0,deficit_discharge_48h,2.5,42,deterministic
hour,actual_expense,EUR/hour,0.9,0.37897512594938315,0.507,0.5069999999999999,96,9.599999999999998,0,deficit_discharge_48h,2.5,42,stochastic
hour,shortage_penalty,EUR/hour,0.9,0.016610281808035754,0.0,0.16610281808035757,96,9.599999999999998,0,deficit_discharge_48h,2.5,42,stochastic
hour,inventory_adjustment,EUR/hour,0.9,0.014020312500000007,0.1326315789473684,0.16867554972942606,96,9.599999999999998,0,deficit_discharge_48h,2.5,42,stochastic
hour,adjusted_loss,EUR/hour,0.9,0.40960572025741887,0.6396315789473684,0.7920044162530353,96,9.599999999999998,0,deficit_discharge_48h,2.5,42,stochastic
hour,ens,kWh/hour,0.9,0.0016610281808035752,0.0,0.016610281808035754,96,9.599999999999998,0,deficit_discharge_48h,2.5,42,stochastic
utc_day,actual_expense,EUR/block,0.9,9.095403022785193,10.234720162479594,10.234720162479594,4,0.3999999999999999,0,deficit_discharge_48h,2.5,42,stochastic
utc_day,shortage_penalty,EUR/block,0.9,0.3986467633928581,1.5945870535714324,1.5945870535714324,4,0.3999999999999999,0,deficit_discharge_48h,2.5,42,stochastic
utc_day,inventory_adjustment,EUR/block,0.9,0.33648750000000016,0.6943500000000001,0.6943500000000001,4,0.3999999999999999,0,deficit_discharge_48h,2.5,42,stochastic
utc_day,adjusted_loss,EUR/block,0.9,9.830537286178053,11.829307216051028,11.829307216051028,4,0.3999999999999999,0,deficit_discharge_48h,2.5,42,stochastic
utc_day,ens,kWh/block,0.9,0.0398646763392858,0.1594587053571432,0.1594587053571432,4,0.3999999999999999,0,deficit_discharge_48h,2.5,42,stochastic
nonoverlapping_24h,actual_expense,EUR/block,0.9,9.095403022785193,10.234720162479594,10.234720162479594,4,0.3999999999999999,0,deficit_discharge_48h,2.5,42,stochastic
nonoverlapping_24h,shortage_penalty,EUR/block,0.9,0.3986467633928581,1.5945870535714324,1.5945870535714324,4,0.3999999999999999,0,deficit_discharge_48h,2.5,42,stochastic
nonoverlapping_24h,inventory_adjustment,EUR/block,0.9,0.33648750000000016,0.6943500000000001,0.6943500000000001,4,0.3999999999999999,0,deficit_discharge_48h,2.5,42,stochastic
nonoverlapping_24h,adjusted_loss,EUR/block,0.9,9.830537286178053,11.829307216051028,11.829307216051028,4,0.3999999999999999,0,deficit_discharge_48h,2.5,42,stochastic
nonoverlapping_24h,ens,kWh/block,0.9,0.0398646763392858,0.1594587053571432,0.1594587053571432,4,0.3999999999999999,0,deficit_discharge_48h,2.5,42,stochastic
hour,actual_expense,EUR/hour,0.9,0.3787069832013996,0.507,0.5069999999999999,96,9.599999999999998,0,deficit_discharge_48h,2.5,42,cvar_0.5
hour,shortage_penalty,EUR/hour,0.9,0.01661028180803603,0.0,0.16610281808036034,96,9.599999999999998,0,deficit_discharge_48h,2.5,42,cvar_0.5
hour,inventory_adjustment,EUR/hour,0.9,0.014020312500000002,0.1326315789473684,0.1660478437610138,96,9.599999999999998,0,deficit_discharge_48h,2.5,42,cvar_0.5
hour,adjusted_loss,EUR/hour,0.9,0.40933757750943567,0.6396315789473684,0.7920044162530353,96,9.599999999999998,0,deficit_discharge_48h,2.5,42,cvar_0.5
hour,ens,kWh/hour,0.9,0.001661028180803603,0.0,0.01661028180803603,96,9.599999999999998,0,deficit_discharge_48h,2.5,42,cvar_0.5
utc_day,actual_expense,EUR/block,0.9,9.08896759683359,10.234720162479594,10.234720162479594,4,0.3999999999999999,0,deficit_discharge_48h,2.5,42,cvar_0.5
utc_day,shortage_penalty,EUR/block,0.9,0.39864676339286476,1.5945870535714324,1.5945870535714324,4,0.3999999999999999,0,deficit_discharge_48h,2.5,42,cvar_0.5
utc_day,inventory_adjustment,EUR/block,0.9,0.33648750000000005,0.6943499999999999,0.6943499999999998,4,0.3999999999999999,0,deficit_discharge_48h,2.5,42,cvar_0.5
utc_day,adjusted_loss,EUR/block,0.9,9.824101860226456,11.829307216051028,11.829307216051028,4,0.3999999999999999,0,deficit_discharge_48h,2.5,42,cvar_0.5
utc_day,ens,kWh/block,0.9,0.03986467633928647,0.1594587053571432,0.1594587053571432,4,0.3999999999999999,0,deficit_discharge_48h,2.5,42,cvar_0.5
nonoverlapping_24h,actual_expense,EUR/block,0.9,9.08896759683359,10.234720162479594,10.234720162479594,4,0.3999999999999999,0,deficit_discharge_48h,2.5,42,cvar_0.5
nonoverlapping_24h,shortage_penalty,EUR/block,0.9,0.39864676339286476,1.5945870535714324,1.5945870535714324,4,0.3999999999999999,0,deficit_discharge_48h,2.5,42,cvar_0.5
nonoverlapping_24h,inventory_adjustment,EUR/block,0.9,0.33648750000000005,0.6943499999999999,0.6943499999999998,4,0.3999999999999999,0,deficit_discharge_48h,2.5,42,cvar_0.5
nonoverlapping_24h,adjusted_loss,EUR/block,0.9,9.824101860226456,11.829307216051028,11.829307216051028,4,0.3999999999999999,0,deficit_discharge_48h,2.5,42,cvar_0.5
nonoverlapping_24h,ens,kWh/block,0.9,0.03986467633928647,0.1594587053571432,0.1594587053571432,4,0.3999999999999999,0,deficit_discharge_48h,2.5,42,cvar_0.5
