grid_limit_kw,seed,experiment,window,hours,scenario_mode,execution_rule,policy,risk_weight,tail_tiebreak,hourly_sample_count,total_loss_eur,total_emergency_discharge_kwh,hours_with_emergency_discharge,total_accounted_loss_eur,total_actual_expense_eur,total_operating_cost_eur,total_grid_cost_eur,total_battery_cost_eur,total_shortage_cost_eur,total_inventory_adjustment_eur,mean_hourly_loss_eur,var_hourly_loss_eur,cvar_hourly_loss_eur,upper_tail_equivalent_hours,total_ens_kwh,eens_kwh_per_hour,lolp,total_grid_import_kwh,peak_grid_import_kw,total_curtailment_kwh,total_throughput_kwh,total_solve_seconds,max_residual,hours_with_loss,hours_with_physical_override,total_physical_override_kwh,perfect_foresight_loss_eur,regret_eur
2.5,42,sampled_28d,winter,168,sampled,planned,perfect_foresight,0.0,True,168,69.74474506687153,0.0,0,69.74474506687153,69.05039506687154,69.05039506687154,68.58067512660146,0.46971994027007763,0.0,0.6943499999999916,0.4151472920647115,0.5897631578947368,0.6194467418546364,16.799999999999997,0.0,0.0,0.0,394.3895721520084,2.5,0.0,46.97199402700838,0.0,5.0848214527832176e-14,168,0,0.0,69.74474506687153,0.0
2.5,42,sampled_28d,winter,168,sampled,planned,deterministic,0.0,True,168,99.83876379611851,0.0,0,99.83876379611851,68.38920057997262,99.14441379611853,67.98431365149614,0.4048869284764841,30.7552132161459,0.694350000000001,0.5942783559292769,0.6396315789473684,2.2253182632484565,16.799999999999997,3.075521321614589,0.01830667453342017,0.14285714285714285,390.98179229426364,2.5,0.0,40.48869284764905,0.0,2.458033776520097e-13,168,19,2.4762241908482157,69.74474506687153,30.094018729246983
2.5,42,sampled_28d,winter,168,sampled,planned,stochastic,0.0,True,168,86.42325953924184,0.0,0,86.42325953924184,68.6966132222775,85.72890953924184,68.25096923905414,0.4456439832233682,17.03229631696432,0.6943500000000016,0.5144241639240585,0.5897631578947368,1.6041663151408818,16.799999999999997,1.703229631696432,0.010138271617240666,0.02976190476190476,392.56295719510535,2.5,0.0,44.56439832233751,47.02325190056581,1.8052226380405045e-13,168,5,3.3091848273026403,69.74474506687153,16.67851447237031
2.5,42,sampled_28d,winter,168,sampled,planned,cvar_0.5,0.5,True,168,88.00210475269054,0.0,0,88.00210475269054,68.65629688438689,87.30775475269053,68.22181204039343,0.4344848439934576,18.65145786830363,0.6943500000000011,0.5238220520993485,0.5897631578947369,1.6986224781969257,16.799999999999997,1.8651457868303627,0.011102058254942634,0.02976190476190476,392.34385228439106,2.5,0.0,43.44848439934644,46.24307470000349,1.645350522494482e-13,168,5,2.957482818374068,69.74474506687153,18.25735968581901
2.5,42,sampled_28d,spring,168,sampled,planned,perfect_foresight,0.0,True,168,51.24629572471369,0.0,0,51.24629572471369,50.59469572471214,50.59469572471368,49.85415201480261,0.7405437099095282,1.545430450278218e-12,0.651600000000002,0.3050374745518672,0.5897631578947368,0.6191525121091301,16.799999999999997,1.545430450278218e-13,9.198990775465584e-16,0.0,289.31058583470383,2.5,0.0,74.05437099095361,0.0,1.5720758028692217e-13,142,0,3.1213920337336276e-13,51.24629572471369,0.0
2.5,42,sampled_28d,spring,168,sampled,planned,deterministic,0.0,True,168,55.51483811039955,0.0,0,55.51483811039955,53.483634315756674,54.86323811039955,53.039932360445334,0.4437019553113427,1.3796037946428588,0.6516000000000015,0.3304454649428545,0.5897631578947369,0.6893073636064211,16.799999999999997,0.1379603794642857,0.0008211927349064624,0.023809523809523808,305.426750846425,2.5,17.775390624999996,44.37019553113484,0.0,7.327471962526033e-15,142,3,0.03401111421131014,51.24629572471369,4.268542385685862
2.5,42,sampled_28d,spring,168,sampled,planned,stochastic,0.0,True,168,52.65298331099275,0.0,0,52.65298331099275,52.001383310992736,52.00138331099276,51.13477086848317,0.8666124425095626,8.881784197001252e-15,0.651600000000002,0.31341061494638545,0.5897631578947368,0.6190151361855393,16.799999999999997,8.881784197001252e-16,5.28677630773884e-18,0.0,296.01226168957294,2.5,6.055594308035714,86.66124425095684,52.10967569972854,1.477817868078546e-11,144,3,0.575613839285716,51.24629572471369,1.4066875862790624
2.5,42,sampled_28d,spring,168,sampled,planned,cvar_0.5,0.5,True,168,53.670396968599015,0.0,0,53.670396968599015,52.010984468598984,53.018796968599005,51.090289464266874,0.9206950043321123,1.0078125000000162,0.6516000000000033,0.3194666486226132,0.5897631578947369,0.6677036400171839,16.799999999999997,0.10078125000000153,0.000599888392857152,0.005952380952380952,297.1358684577655,2.5,7.002818080357142,92.06950043321193,56.35176509991288,2.944311461305915e-12,143,3,0.47384207589285854,51.24629572471369,2.4241012438853247
2.5,42,sampled_28d,summer,168,sampled,planned,perfect_foresight,0.0,True,168,46.03739034128293,0.0,0,46.03739034128293,45.385790341282885,45.38579034128293,44.44989383223684,0.935896509046045,3.552713678800501e-14,0.6516000000000025,0.27403208536477935,0.5897631578947368,0.6141593534617793,16.799999999999997,3.552713678800501e-15,2.114710523095536e-17,0.0,260.2560727796053,2.5,1.3322676295501878e-15,93.58965090460526,0.0,1.3322676295501878e-15,133,0,5.176414852314792e-15,46.03739034128293,0.0
2.5,42,sampled_28d,summer,168,sampled,planned,deterministic,0.0,True,168,58.29916345005585,0.0,0,58.29916345005585,48.748035048363086,57.64756345005584,48.10895032203311,0.6390847263299768,8.899528401692756,0.6516000000000028,0.34701883005985623,0.5897631578947368,1.1209497833683568,16.799999999999997,0.8899528401692754,0.005297338334340925,0.023809523809523808,279.4528417329334,2.5,21.607833426339287,63.90847263299848,0.0,3.3306690738754696e-15,133,13,2.8045765981308244,46.03739034128293,12.261773108772921
2.5,42,sampled_28d,summer,168,sampled,planned,stochastic,0.0,True,168,48.89175824004947,0.0,0,48.89175824004947,46.645571186478016,48.24015824004947,45.77191932310248,0.8736518633755371,1.5945870535714368,0.6516000000000031,0.29102237047648494,0.5897631578947368,0.707175328015342,16.799999999999997,0.15945870535714368,0.0009491589604591886,0.011904761904761904,266.49060877059014,2.5,6.712988281249999,87.3651863375544,51.57525970018469,1.11664011370749e-11,133,4,2.0748465401785725,46.03739034128293,2.85436789876654
2.5,42,sampled_28d,summer,168,sampled,planned,cvar_0.5,0.5,True,168,49.02278031278696,0.0,0,49.02278031278696,46.7765932592155,48.37118031278696,45.943698220952,0.8328950382635042,1.5945870535714501,0.651600000000003,0.2918022637665891,0.5897631578947369,0.7071794989771973,16.799999999999997,0.1594587053571449,0.0009491589604591959,0.011904761904761904,267.47159030237117,2.5,7.902841847113672,83.2895038263512,56.9050757009536,1.0245138071240945e-12,133,4,1.6911877117753311,46.03739034128293,2.985389971504034
2.5,42,sampled_28d,autumn,168,sampled,planned,perfect_foresight,0.0,True,168,57.521641164172024,0.0,0,57.521641164172024,56.82729116416515,56.82729116417204,56.28579205386501,0.5414991103001432,6.870060076380469e-12,0.6943500000000014,0.34239072121530967,0.5897631578947368,0.6194353983867137,16.799999999999997,6.870060076380469e-13,4.0893214740359935e-15,0.0,324.8121161081407,2.5,0.0,54.14991103001499,0.0,7.607248164731575e-13,158,0,1.447897357564898e-12,57.521641164172024,0.0
2.5,42,sampled_28d,autumn,168,sampled,planned,deterministic,0.0,True,168,80.88942137736008,0.0,0,80.88942137736008,57.66864699119931,80.19507137736007,57.169772556268605,0.49887443493070216,22.52642438616076,0.6943500000000022,0.48148465105571475,0.7906707570929289,1.870170322071573,16.799999999999997,2.252642438616075,0.013408585944143302,0.125,329.93905864606586,2.5,7.598029436383928,49.88744349307104,0.0,7.993605777301127e-15,158,25,2.805970447551863,57.521641164172024,23.367780213188055
2.5,42,sampled_28d,autumn,168,sampled,planned,stochastic,0.0,True,168,59.196690497962834,0.0,0,59.196690497962834,57.49466053144496,58.502340497962834,56.63763706019907,0.8570234712458871,1.007679966517867,0.6943500000000032,0.3523612529640645,0.5897631578947368,0.6644170087694827,16.799999999999997,0.10076799665178654,0.0005998095038796818,0.017857142857142856,328.46849535282627,2.5,2.140136718749999,85.70234712458958,44.01184069993906,1.4654943925052066e-13,158,5,0.7439313616071433,57.521641164172024,1.6750493337908097
2.5,42,sampled_28d,autumn,168,sampled,planned,cvar_0.5,0.5,True,168,60.07244224476436,0.0,0,60.07244224476436,57.626932576795596,59.37809224476437,56.81064893376147,0.8162836430341289,1.751159667968758,0.6943500000000027,0.35757406098074024,0.5897631578947368,0.707794109048649,16.799999999999997,0.17511596679687563,0.0010423569452194979,0.017857142857142856,329.2188445977776,2.5,3.1736188616071423,81.62836430341375,46.869102599448524,1.347588707290015e-12,158,6,0.36940847441383207,57.521641164172024,2.5508010805923362
2.5,42,all_matching_28d,winter,168,all_matching,planned,perfect_foresight,0.0,True,168,69.74474506687153,0.0,0,69.74474506687153,69.05039506687154,69.05039506687154,68.58067512660146,0.46971994027007763,0.0,0.6943499999999916,0.4151472920647115,0.5897631578947368,0.6194467418546364,16.799999999999997,0.0,0.0,0.0,394.3895721520084,2.5,0.0,46.97199402700838,0.0,5.0848214527832176e-14,168,0,0.0,69.74474506687153,0.0
2.5,42,all_matching_28d,winter,168,all_matching,planned,deterministic,0.0,True,168,99.83876379611851,0.0,0,99.83876379611851,68.38920057997262,99.14441379611853,67.98431365149614,0.4048869284764841,30.7552132161459,0.694350000000001,0.5942783559292769,0.6396315789473684,2.2253182632484565,16.799999999999997,3.075521321614589,0.01830667453342017,0.14285714285714285,390.98179229426364,2.5,0.0,40.48869284764905,0.0,2.458033776520097e-13,168,19,2.4762241908482157,69.74474506687153,30.094018729246983
2.5,42,all_matching_28d,winter,168,all_matching,planned,stochastic,0.0,True,168,85.43792613550707,0.0,0,85.43792613550707,68.71538661262757,84.74357613550708,68.27212569731277,0.4432609153147885,16.028189522879504,0.6943500000000014,0.508559084139923,0.5897631578947369,1.543079244398535,16.799999999999997,1.6028189522879503,0.00954058900171399,0.02976190476190476,392.6511550429193,2.5,0.0,44.32609153147956,136.5006768006133,1.3655743202889425e-12,168,5,2.9015084354595415,69.74474506687153,15.693181068635539
2.5,42,all_matching_28d,winter,168,all_matching,planned,cvar_0.5,0.5,True,168,88.4050156493368,0.0,0,88.4050156493368,68.64749251875641,87.71066564933679,68.21435166800121,0.4331408507551968,19.063173130580388,0.6943500000000014,0.5262203312460524,0.5897631578947369,1.7201294629417625,16.799999999999997,1.9063173130580386,0.011347126863440707,0.02976190476190476,392.29579301357836,2.5,0.0,43.31408507552034,148.38320620032027,1.993738507621856e-12,168,4,2.2301217167095406,69.74474506687153,18.660270582465273
2.5,42,all_matching_28d,spring,168,all_matching,planned,perfect_foresight,0.0,True,168,51.24629572471369,0.0,0,51.24629572471369,50.59469572471214,50.59469572471368,49.85415201480261,0.7405437099095282,1.545430450278218e-12,0.651600000000002,0.3050374745518672,0.5897631578947368,0.6191525121091301,16.799999999999997,1.545430450278218e-13,9.198990775465584e-16,0.0,289.31058583470383,2.5,0.0,74.05437099095361,0.0,1.5720758028692217e-13,142,0,3.1213920337336276e-13,51.24629572471369,0.0
2.5,42,all_matching_28d,spring,168,all_matching,planned,deterministic,0.0,True,168,55.51483811039955,0.0,0,55.51483811039955,53.483634315756674,54.86323811039955,53.039932360445334,0.4437019553113427,1.3796037946428588,0.6516000000000015,0.3304454649428545,0.5897631578947369,0.6893073636064211,16.799999999999997,0.1379603794642857,0.0008211927349064624,0.023809523809523808,305.426750846425,2.5,17.775390624999996,44.37019553113484,0.0,7.327471962526033e-15,142,3,0.03401111421131014,51.24629572471369,4.268542385685862
2.5,42,all_matching_28d,spring,168,all_matching,planned,stochastic,0.0,True,168,53.36715326773919,0.0,0,53.36715326773919,52.507684964167744,52.715553267739196,51.917501218124045,0.5901837460436983,0.20786830357144123,0.6516000000000021,0.3176616265936857,0.5897631578947368,0.6312830517280926,16.799999999999997,0.020786830357144032,0.0001237311330782383,0.005952380952380952,298.17401404354456,2.5,9.654785156250002,59.018374604370464,196.45002930075862,1.743861637315547e-07,143,0,8.326672684688674e-16,51.24629572471369,2.120857543025501
2.5,42,all_matching_28d,spring,168,all_matching,planned,cvar_0.5,0.5,True,168,53.15452400539264,0.0,0,53.15452400539264,52.50292400539263,52.50292400539264,51.76506948552073,0.7378545198718983,4.440892098500626e-15,0.6516000000000041,0.3163959762225752,0.5897631578947368,0.6191155211812317,16.799999999999997,4.440892098500626e-16,2.64338815386942e-18,0.0,299.6740770523078,2.5,10.377272874826868,73.7854519871907,202.90884849999566,3.244071677954708e-12,143,1,0.0002092633928586433,51.24629572471369,1.908228280678948
2.5,42,all_matching_28d,summer,168,all_matching,planned,perfect_foresight,0.0,True,168,46.03739034128293,0.0,0,46.03739034128293,45.385790341282885,45.38579034128293,44.44989383223684,0.935896509046045,3.552713678800501e-14,0.6516000000000025,0.27403208536477935,0.5897631578947368,0.6141593534617793,16.799999999999997,3.552713678800501e-15,2.114710523095536e-17,0.0,260.2560727796053,2.5,1.3322676295501878e-15,93.58965090460526,0.0,1.3322676295501878e-15,133,0,5.176414852314792e-15,46.03739034128293,0.0
2.5,42,all_matching_28d,summer,168,all_matching,planned,deterministic,0.0,True,168,58.29916345005585,0.0,0,58.29916345005585,48.748035048363086,57.64756345005584,48.10895032203311,0.6390847263299768,8.899528401692756,0.6516000000000028,0.34701883005985623,0.5897631578947368,1.1209497833683568,16.799999999999997,0.8899528401692754,0.005297338334340925,0.023809523809523808,279.4528417329334,2.5,21.607833426339287,63.90847263299848,0.0,3.3306690738754696e-15,133,13,2.8045765981308244,46.03739034128293,12.261773108772921
2.5,42,all_matching_28d,summer,168,all_matching,planned,stochastic,0.0,True,168,51.211060905290275,0.0,0,51.211060905290275,47.41779656377239,50.559460905290265,46.71960113525874,0.6981954285136461,3.1416643415178758,0.6516000000000035,0.3048277434838707,0.5897631578947368,0.7974305932809489,16.799999999999997,0.3141664341517875,0.0018700382985225449,0.011904761904761904,270.67625246353066,2.5,11.952525111607144,69.81954285136541,180.44511019880883,6.767919558114954e-13,133,3,0.24302455357142894,46.03739034128293,5.173670564007345
2.5,42,all_matching_28d,summer,168,all_matching,planned,cvar_0.5,0.5,True,168,52.2409350754221,0.0,0,52.2409350754221,47.46621260787627,51.616547429304845,46.756352918332276,0.7098596895439973,4.15033482142857,0.6243876461172497,0.3109579468775125,0.5897631578947368,0.8562728646043116,16.799999999999997,0.41503348214285685,0.0024704373937074814,0.011904761904761904,271.1051461972739,2.5,12.271527387032553,70.98596895440053,186.14015920029487,1.872968447003132e-11,133,3,0.6096550170138386,46.03739034128293,6.203544734139172
2.5,42,all_matching_28d,autumn,168,all_matching,planned,perfect_foresight,0.0,True,168,57.521641164172024,0.0,0,57.521641164172024,56.82729116416515,56.82729116417204,56.28579205386501,0.5414991103001432,6.870060076380469e-12,0.6943500000000014,0.34239072121530967,0.5897631578947368,0.6194353983867137,16.799999999999997,6.870060076380469e-13,4.0893214740359935e-15,0.0,324.8121161081407,2.5,0.0,54.14991103001499,0.0,7.607248164731575e-13,158,0,1.447897357564898e-12,57.521641164172024,0.0
2.5,42,all_matching_28d,autumn,168,all_matching,planned,deterministic,0.0,True,168,80.88942137736008,0.0,0,80.88942137736008,57.66864699119931,80.19507137736007,57.169772556268605,0.49887443493070216,22.52642438616076,0.6943500000000022,0.48148465105571475,0.7906707570929289,1.870170322071573,16.799999999999997,2.252642438616075,0.013408585944143302,0.125,329.93905864606586,2.5,7.598029436383928,49.88744349307104,0.0,7.993605777301127e-15,158,25,2.805970447551863,57.521641164172024,23.367780213188055
2.5,42,all_matching_28d,autumn,168,all_matching,planned,stochastic,0.0,True,168,59.36909867279863,0.0,0,59.36909867279863,57.78018080170486,58.67474867279863,57.045940591939086,0.7342402097657706,0.8945678710937566,0.6943500000000025,0.3533874920999918,0.5897631578947369,0.6686006760326461,16.799999999999997,0.08945678710937549,0.0005324808756510446,0.011904761904761904,329.92206084125434,2.5,4.211635044642857,73.42402097657796,128.27805119985715,1.444844244247179e-12,158,2,0.24190848214285998,57.521641164172024,1.8474575086266043
2.5,42,all_matching_28d,autumn,168,all_matching,planned,cvar_0.5,0.5,True,168,59.967209045966655,0.0,0,59.967209045966655,57.781492904783605,59.272859045966655,57.05771570464762,0.7237772001359833,1.491366141183046,0.6943500000000027,0.35694767289265866,0.5897631578947369,0.7034172099582277,16.799999999999997,0.14913661411830442,0.0008877179411803835,0.011904761904761904,329.92696719221476,2.5,4.329842428336463,72.37772001359923,144.30903370003216,1.347588707290015e-12,158,2,0.28006359443015394,57.521641164172024,2.4455678817946307
2.5,42,planned_48h,winter,48,sampled,planned,perfect_foresight,0.0,True,48,19.849573413694653,0.0,0,19.849573413694653,19.197973413694598,19.197973413694655,19.07091921312327,0.1270542005713279,5.773159728050814e-14,0.6516000000000002,0.4135327794519719,0.6396315789473684,0.6396315789473684,4.799999999999999,5.773159728050814e-15,1.2027416100105862e-16,0.0,109.69096693213297,2.5,0.0,12.705420057132958,0.042780099902302,6.217248937900877e-15,48,0,5.6621374255882976e-15,19.849573413694653,0.0
2.5,42,planned_48h,winter,48,sampled,planned,deterministic,0.0,True,48,23.96162833494292,0.0,0,23.96162833494292,19.10762761879707,23.31002833494292,18.989432218627368,0.11819540016970201,4.202400716145851,0.6516000000000001,0.4992005903113108,0.6396315789473684,1.315182817425645,4.799999999999999,0.4202400716145848,0.008755001491970517,0.14583333333333334,109.22532696358495,2.5,0.0,11.819540016970368,0.0,2.458033776520097e-13,48,4,0.05725213913690607,19.849573413694653,4.112054921248266
2.5,42,planned_48h,winter,48,sampled,planned,stochastic,0.0,True,48,19.85669073477826,0.0,0,19.85669073477826,19.20509073477826,19.20509073477826,19.07153518162053,0.1335555531577304,0.0,0.6516000000000003,0.4136810569745471,0.6396315789473684,0.6396315789473684,4.799999999999999,0.0,0.0,0.0,109.72428529624199,2.5,0.0,13.355555315773248,0.0,7.194245199571014e-14,48,0,2.7755575615628914e-16,19.849573413694653,0.00711732108360863
2.5,42,planned_48h,winter,48,sampled,planned,cvar_0.5,0.5,True,48,19.853564776700722,0.0,0,19.853564776700722,19.20196477670069,19.20196477670072,19.07280636605133,0.1291584106493599,2.6645352591003757e-14,0.6516,0.4136159328479317,0.6396315789473684,0.6396315789473693,4.799999999999999,2.6645352591003757e-15,5.551115123125783e-17,0.0,109.70175066315048,2.5,0.0,12.91584106493619,0.0,8.260059303211167e-14,48,0,2.7755575615628914e-16,19.849573413694653,0.003991363006068838
2.5,42,planned_48h,summer,48,sampled,planned,perfect_foresight,0.0,True,48,17.572669039113904,0.0,0,17.572669039113904,16.878319039113897,16.878319039113904,16.734356573807567,0.1439624653063302,4.440892098500626e-15,0.6943499999999999,0.3660972716482063,0.6396315789473684,0.6396315789473684,4.799999999999999,4.440892098500626e-16,9.25185853854297e-18,0.0,96.47011860094572,2.5,0.0,14.39624653063322,0.0861388000193983,1.9984014443252818e-15,44,0,3.3306690738754696e-16,17.572669039113904,0.0
2.5,42,planned_48h,summer,48,sampled,planned,deterministic,0.0,True,48,26.684348076142847,0.0,0,26.684348076142847,17.090469674450098,25.989998076142847,16.953214692034038,0.13725498241605985,8.899528401692741,0.6943500000000009,0.5559239182529759,0.6396315789473684,2.3876316518549405,4.799999999999999,0.8899528401692741,0.018540684170193212,0.08333333333333333,97.74380766078404,2.5,2.198016648065476,13.725498241606207,0.0,3.108624468950439e-15,44,7,2.5774979150951074,17.572669039113904,9.111679037028942
2.5,42,planned_48h,summer,48,sampled,planned,stochastic,0.0,True,48,19.465458409933944,0.0,0,19.465458409933944,17.176521356362514,18.771108409933944,16.984154720258996,0.19236663610351723,1.594587053571428,0.6943500000000005,0.40553038354029053,0.6396315789473684,0.9602188748237781,4.799999999999999,0.1594587053571428,0.0033220563616071417,0.041666666666666664,97.92314854338767,2.5,1.364425223214286,19.236663610351954,0.0,1.1390888232654106e-12,44,4,2.074846540178572,17.572669039113904,1.89278937082004
2.5,42,planned_48h,summer,48,sampled,planned,cvar_0.5,0.5,True,48,19.442842664205102,0.0,0,19.442842664205102,17.15390561063367,18.748492664205102,16.97396649953935,0.1799391110943195,1.594587053571428,0.6943500000000002,0.40505922217093965,0.6396315789473684,0.9602188748237781,4.799999999999999,0.15945870535714268,0.003322056361607139,0.041666666666666664,97.85945951903042,2.5,1.364425223214286,17.993911109432197,0.0,7.7937656328686e-14,44,4,1.6911877117753304,17.572669039113904,1.8701736250911978
2.5,42,deficit_discharge_48h,winter,48,sampled,deficit_discharge,perfect_foresight,0.0,True,48,19.849573413694653,0.0,0,19.849573413694653,19.197973413694598,19.197973413694655,19.07091921312327,0.1270542005713279,5.773159728050814e-14,0.6516000000000002,0.4135327794519719,0.6396315789473684,0.6396315789473684,4.799999999999999,5.773159728050814e-15,1.2027416100105862e-16,0.0,109.69096693213297,2.5,0.0,12.705420057132958,0.0410102000460028,6.217248937900877e-15,48,0,5.6621374255882976e-15,19.849573413694653,0.0
2.5,42,deficit_discharge_48h,winter,48,sampled,deficit_discharge,deterministic,0.0,True,48,19.88119474344721,0.4170084635416681,6,19.88119474344721,19.197278662718034,19.22959474344721,19.070292585519102,0.126986077198932,0.032316080729173344,0.6516000000000001,0.4141915571551502,0.6396315789473684,0.6396315789473684,4.799999999999999,0.0032316080729172443,6.732516818577592e-05,0.020833333333333332,109.6873862029663,2.5,0.0,12.698607719893385,1.8422943998593815,2.458033776520097e-13,48,4,0.05725213913690539,19.849573413694653,0.03162132975255716
2.5,42,deficit_discharge_48h,winter,48,sampled,deficit_discharge,stochastic,0.0,True,48,19.85669073477826,2.2204460492503126e-16,0,19.85669073477826,19.20509073477826,19.20509073477826,19.07153518162053,0.1335555531577304,0.0,0.6516000000000003,0.4136810569745471,0.6396315789473684,0.6396315789473684,4.799999999999999,0.0,0.0,0.0,109.72428529624199,2.5,0.0,13.355555315773248,13.74836020031944,7.194245199571014e-14,48,0,2.7755575615628914e-16,19.849573413694653,0.00711732108360863
2.5,42,deficit_discharge_48h,winter,48,sampled,deficit_discharge,cvar_0.5,0.5,True,48,19.853564776700722,1.2434497875801753e-14,0,19.853564776700722,19.20196477670069,19.20196477670072,19.07280636605133,0.1291584106493599,2.6645352591003757e-14,0.6516,0.4136159328479317,0.6396315789473684,0.6396315789473684,4.799999999999999,2.6645352591003757e-15,5.551115123125783e-17,0.0,109.70175066315048,2.5,0.0,12.915841064936188,14.56216310011223,8.260059303211166e-14,48,0,2.609024107869118e-15,19.849573413694653,0.003991363006068838
2.5,42,deficit_discharge_48h,summer,48,sampled,deficit_discharge,perfect_foresight,0.0,True,48,17.572669039113904,0.0,0,17.572669039113904,16.878319039113897,16.878319039113904,16.734356573807567,0.1439624653063302,4.440892098500626e-15,0.6943499999999999,0.3660972716482063,0.6396315789473684,0.6396315789473684,4.799999999999999,4.440892098500626e-16,9.25185853854297e-18,0.0,96.47011860094572,2.5,0.0,14.39624653063322,0.046408100053668,1.9984014443252818e-15,44,0,3.3306690738754696e-16,17.572669039113904,0.0
2.5,42,deficit_discharge_48h,summer,48,sampled,deficit_discharge,deterministic,0.0,True,48,26.684348076142847,0.39860026041666674,3,26.684348076142847,17.090469674450098,25.989998076142847,16.953214692034038,0.13725498241605993,8.899528401692741,0.6943500000000009,0.5559239182529759,0.6396315789473684,2.4358828768412346,4.799999999999999,0.8899528401692742,0.018540684170193212,0.041666666666666664,97.74380766078404,2.5,2.198016648065476,13.725498241606207,1.8188210998196135,3.1086244689504387e-15,44,7,3.0745825262941575,17.572669039113904,9.111679037028942
2.5,42,deficit_discharge_48h,summer,48,sampled,deficit_discharge,stochastic,0.0,True,48,19.465458409933948,0.22977120535714268,3,19.465458409933948,17.176521356362514,18.771108409933944,16.984154720258996,0.19236663610351723,1.5945870535714324,0.6943500000000004,0.4055303835402906,0.6396315789473684,0.9443772535587023,4.799999999999999,0.1594587053571432,0.0033220563616071504,0.020833333333333332,97.92314854338767,2.5,1.364425223214286,19.236663610351954,13.773029300267808,1.1390888232654106e-12,44,4,2.074846540178572,17.572669039113904,1.8927893708200436
2.5,42,deficit_discharge_48h,summer,48,sampled,deficit_discharge,cvar_0.5,0.5,True,48,19.442842664205102,0.24880157625858718,3,19.442842664205102,17.15390561063367,18.748492664205106,16.97396649953935,0.17993911109431954,1.5945870535714324,0.6943500000000002,0.40505922217093965,0.6396315789473684,0.9443772535587023,4.799999999999999,0.1594587053571432,0.0033220563616071504,0.020833333333333332,97.85945951903042,2.5,1.364425223214286,17.993911109432197,16.72610730060842,9.059419880941277e-14,44,4,1.6911877117753304,17.572669039113904,1.8701736250911978
