date_utc,total_loss_eur,total_operating_cost_eur,total_grid_cost_eur,total_battery_cost_eur,total_shortage_cost_eur,total_inventory_adjustment_eur,total_ens_kwh,total_grid_import_kwh,total_curtailment_kwh,total_throughput_kwh,total_solve_seconds,total_actual_expense_eur,hours,expected_hours,complete_block,partial_block,peak_grid_import_kw,hours_with_ens,grid_limit_kw,seed,window,experiment,policy,risk_weight,tail_tiebreak
2017-01-01 00:00:00+00:00,10.387722549125693,9.693372549125693,9.62784739655471,0.0655251525709826,0.0,0.6943499999999998,0.0,55.37341369459834,0.0,6.5525152570983405,0.1786096000578254,9.693372549125693,24,24,True,False,2.5,0,2.5,42,winter,main,perfect_foresight,0.0,True
2017-01-02 00:00:00+00:00,9.461850864568905,9.504600864568907,9.44307181656856,0.061529048000345504,0.0,-0.04275000000000012,0.0,54.31755323753463,0.0,6.152904800034631,0.0,9.504600864568905,24,24,True,False,2.5,0,2.5,42,winter,main,perfect_foresight,0.0,True
2017-01-03 00:00:00+00:00,9.92501521381579,9.92501521381579,9.86493626644737,0.0600789473684203,0.0,-1.3877787807814457e-17,0.0,56.72820723684211,0.0,6.0078947368421085,0.0,9.925015213815788,24,24,True,False,2.5,0,2.5,42,winter,main,perfect_foresight,0.0,True
2017-01-04 00:00:00+00:00,9.993203690378289,9.993203690378289,9.933124743009868,0.0600789473684203,0.0,-1.3877787807814457e-17,0.0,57.11785567434211,0.0,6.0078947368421085,0.0,9.993203690378289,24,24,True,False,2.5,0,2.5,42,winter,main,perfect_foresight,0.0,True
2017-01-05 00:00:00+00:00,9.82521052631579,9.82521052631579,9.765131578947368,0.0600789473684203,0.0,-1.3877787807814457e-17,0.0,56.15789473684211,0.0,6.0078947368421085,0.0,9.82521052631579,24,24,True,False,2.5,0,2.5,42,winter,main,perfect_foresight,0.0,True
2017-01-06 00:00:00+00:00,9.29379079380194,9.58499417579208,9.509063325073589,0.0759308507184901,0.0,-0.29120338199014,0.0,54.69464757184908,0.0,7.593085071849083,0.0,9.58499417579208,24,24,True,False,2.5,0,2.5,42,winter,main,perfect_foresight,0.0,True
2017-01-07 00:00:00+00:00,10.857951428865132,10.523998046875,10.4375,0.0864980468749985,0.0,0.3339533819901319,0.0,60.0,0.0,8.6498046875,0.0,10.523998046874999,24,24,True,False,2.5,0,2.5,42,winter,main,perfect_foresight,0.0,True
2017-01-01 00:00:00+00:00,13.838436987552662,13.144086987552662,9.559465929420591,0.058091110215402,3.526529947916668,0.6943499999999999,0.35265299479166673,54.98266245383195,0.0,5.809111021540284,0.8780258999904608,9.617557039635994,24,24,True,False,2.5,3,2.5,42,winter,main,deterministic,0.0,True
2017-01-02 00:00:00+00:00,10.123191347390259,10.165941347390259,9.429966289206776,0.0601042899543,0.675870768229183,-0.042749999999999816,0.06758707682291809,54.242664509753006,0.0,6.010428995430084,0.865407099830917,9.490070579161076,24,24,True,False,2.5,4,2.5,42,winter,main,deterministic,0.0,True
2017-01-03 00:00:00+00:00,11.042073923887644,11.042073923887644,9.842799948060943,0.0576724133266959,1.1416015625000053,9.71445146547012e-17,0.1141601562500004,56.60171398891967,0.0,5.76724133266967,0.852455100393853,9.900472361387639,24,24,True,False,2.5,3,2.5,42,winter,main,deterministic,0.0,True
2017-01-04 00:00:00+00:00,11.110262400450145,11.110262400450145,9.910988424623442,0.0576724133266959,1.1416015625000053,9.71445146547012e-17,0.1141601562500004,56.99136242641967,0.0,5.76724133266967,0.8578080004081121,9.968660837950138,24,24,True,False,2.5,3,2.5,42,winter,main,deterministic,0.0,True
2017-01-05 00:00:00+00:00,10.942269236387643,10.942269236387645,9.742995260560942,0.0576724133266959,1.1416015625000053,9.71445146547012e-17,0.1141601562500004,56.03140148891967,0.0,5.76724133266967,0.9152424001367749,9.800667673887638,24,24,True,False,2.5,3,2.5,42,winter,main,deterministic,0.0,True
2017-01-06 00:00:00+00:00,9.84042353326264,9.84042353326264,9.199743307435941,0.0576724133266959,0.5830078125000027,9.71445146547012e-17,0.0583007812500002,52.92710461391967,0.0,5.76724133266967,0.8827489998657245,9.257415720762637,24,24,True,False,2.5,2,2.5,42,winter,main,deterministic,0.0,True
2017-01-07 00:00:00+00:00,32.94210636718753,32.89935636718753,10.2983544921875,0.0560018749999985,22.54500000000003,0.042750000000000565,2.254500000000003,59.2048828125,0.0,5.600187499999998,0.8175440998747933,10.3543563671875,24,24,True,False,2.5,6,2.5,42,winter,main,deterministic,0.0,True
2017-01-01 00:00:00+00:00,10.390338830397333,9.695988830397333,9.62908439826437,0.066904432132963,0.0,0.6943500000000001,0.0,55.380482275796396,0.0,6.6904432132964,6.648181300028226,9.695988830397333,24,24,True,False,2.5,0,2.5,42,winter,main,stochastic,0.0,True
2017-01-02 00:00:00+00:00,9.466351904380929,9.509101904380929,9.44245078335616,0.0666511210247674,0.0,-0.0427499999999998,0.0,54.3438030204456,0.0,6.665112102476846,5.834589099860749,9.509101904380927,24,24,True,False,2.5,0,2.5,42,winter,main,stochastic,0.0,True
2017-01-03 00:00:00+00:00,9.92501521381579,9.92501521381579,9.86493626644737,0.0600789473684203,0.0,9.71445146547012e-17,0.0,56.72820723684211,0.0,6.0078947368421085,5.786851800163276,9.925015213815788,24,24,True,False,2.5,0,2.5,42,winter,main,stochastic,0.0,True
2017-01-04 00:00:00+00:00,9.994817520247151,9.994817520247151,9.93246847208353,0.0623490481636211,0.0,8.326672684688674e-17,0.0,57.129489568036306,0.0,6.234904816362198,5.728602099698036,9.99481752024715,24,24,True,False,2.5,0,2.5,42,winter,main,stochastic,0.0,True
2017-01-05 00:00:00+00:00,9.82654172467913,9.82654172467913,9.764590241350447,0.0619514833286821,0.0,1.942890293094024e-16,0.0,56.16749117606027,0.0,6.1951483328683015,6.431611699867061,9.826541724679128,24,24,True,False,2.5,0,2.5,42,winter,main,stochastic,0.0,True
2017-01-06 00:00:00+00:00,9.272276167708089,9.272276167708089,9.21219005411478,0.060086113593308635,0.0,9.71445146547012e-17,0.0,52.997775212567554,0.0,6.008611359330948,6.636340199620463,9.272276167708087,24,24,True,False,2.5,0,2.5,42,winter,main,stochastic,0.0,True
2017-01-07 00:00:00+00:00,27.547918178013425,27.505168178013427,10.4052490234375,0.0676228376116056,17.03229631696432,0.042750000000000635,1.703229631696432,59.815708705357146,0.0,6.762283761160711,5.294695199816487,10.472871861049105,24,24,True,False,2.5,5,2.5,42,winter,main,stochastic,0.0,True
2017-01-01 00:00:00+00:00,10.390338830397338,9.695988830397338,9.62908439826437,0.066904432132963,4.440892098500626e-15,0.6943499999999999,4.440892098500626e-16,55.3804822757964,0.0,6.6904432132964,5.759664500365033,9.695988830397333,24,24,True,False,2.5,0,2.5,42,winter,main,cvar_0.5,0.5,True
2017-01-02 00:00:00+00:00,9.463225946303384,9.505975946303383,9.443721967786963,0.0622539785163969,2.220446049250313e-14,-0.04274999999999991,2.220446049250313e-15,54.321268387354074,0.0,6.225397851639789,5.584130300208925,9.50597594630336,24,24,True,False,2.5,0,2.5,42,winter,main,cvar_0.5,0.5,True
2017-01-03 00:00:00+00:00,9.92501521381579,9.92501521381579,9.86493626644737,0.0600789473684203,0.0,8.326672684688674e-17,0.0,56.72820723684211,0.0,6.007894736842109,5.013657500268891,9.925015213815788,24,24,True,False,2.5,0,2.5,42,winter,main,cvar_0.5,0.5,True
2017-01-04 00:00:00+00:00,9.9937731640625,9.9937731640625,9.9328931640625,0.0608799999999991,0.0,8.326672684688674e-17,0.0,57.121960937500006,0.0,6.087999999999998,5.099722999846562,9.9937731640625,24,24,True,False,2.5,0,2.5,42,winter,main,cvar_0.5,0.5,True
2017-01-05 00:00:00+00:00,9.82521052631579,9.82521052631579,9.765131578947368,0.0600789473684202,0.0,1.942890293094024e-16,0.0,56.15789473684211,0.0,6.0078947368421085,6.361032400163822,9.82521052631579,24,24,True,False,2.5,0,2.5,42,winter,main,cvar_0.5,0.5,True
2017-01-06 00:00:00+00:00,9.272271073190788,9.27227107319079,9.21219212582237,0.0600789473684203,0.0,9.71445146547012e-17,0.0,52.99773848684211,0.0,6.0078947368421085,6.652804200071841,9.272271073190788,24,24,True,False,2.5,0,2.5,42,winter,main,cvar_0.5,0.5,True
2017-01-07 00:00:00+00:00,29.13226999860494,29.089519998604942,10.3738525390625,0.06420959123883781,18.651457868303602,0.04275000000000062,1.86514578683036,59.636300223214285,0.0,6.420959123883926,7.938226200174539,10.438062130301338,24,24,True,False,2.5,5,2.5,42,winter,main,cvar_0.5,0.5,True
2017-04-01 00:00:00+00:00,9.018805902035362,8.537410908203126,8.467975195312501,0.0694357128906242,0.0,0.4813949938322362,0.0,48.7654130859375,0.0,6.943571289062497,0.2039688000222668,8.537410908203125,24,24,True,False,2.5,0,2.5,42,spring,main,perfect_foresight,0.0,True
2017-04-02 00:00:00+00:00,7.548742115542764,7.335787109375,7.25947265625,0.0763144531249987,0.0,0.21295500616776422,0.0,41.83984375,0.0,7.6314453125,0.0,7.335787109374999,24,24,True,False,2.5,0,2.5,42,spring,main,perfect_foresight,0.0,True
2017-04-03 00:00:00+00:00,7.172696220703125,7.215446220703125,7.106874414062501,0.1085718066406237,0.0,-0.04274999999999958,0.0,41.303756835937506,0.0,10.857180664062497,0.0,7.215446220703124,24,24,True,False,2.5,0,2.5,42,spring,main,perfect_foresight,0.0,True
2017-04-04 00:00:00+00:00,8.030986533203125,8.030986533203125,7.958297656250001,0.0726888769531239,0.0,1.8041124150158794e-16,0.0,45.947127929687504,0.0,7.268887695312498,0.0,8.030986533203125,24,24,True,False,2.5,0,2.5,42,spring,main,perfect_foresight,0.0,True
2017-04-05 00:00:00+00:00,6.926073232421884,6.926073232421884,6.774921093750001,0.1511521386718737,8.881784197001252e-15,2.914335439641036e-16,8.881784197001252e-16,39.7095908203125,0.0,15.115213867187496,0.0,6.926073232421874,24,24,True,False,2.5,0,2.5,42,spring,main,perfect_foresight,0.0,True
2017-04-06 00:00:00+00:00,6.924293242187504,6.855893242187505,6.757723046875001,0.0981701953124987,4.440892098500626e-15,0.06840000000000028,4.440892098500626e-16,39.26364453125,0.0,9.817019531249997,0.0,6.855893242187499,24,24,True,False,2.5,0,2.5,42,spring,main,perfect_foresight,0.0,True
2017-04-07 00:00:00+00:00,5.624698478619924,5.693098478619922,5.528887952302605,0.1642105263157853,1.532107773982716e-12,-0.06839999999999966,1.532107773982716e-13,32.48120888157878,0.0,16.421052631578625,0.0,5.69309847861839,24,24,True,False,2.5,0,2.5,42,spring,main,perfect_foresight,0.0,True
2017-04-01 00:00:00+00:00,10.504387711099037,9.852991106305804,8.489351097470237,0.0544882231212791,1.3091517857142867,0.651396604793233,0.1309151785714285,48.86429152715774,1.249609375,5.448822312127977,0.8849644003203128,8.543839320591518,24,24,True,False,2.5,2,2.5,42,spring,main,deterministic,0.0,True
2017-04-02 00:00:00+00:00,7.787659368433549,7.744705973226782,7.632885933464804,0.09019615583340469,0.021623883928572,0.042953395206767275,0.0021623883928572,43.92723044569174,1.0751953124999996,9.01961558334055,0.9041321002878236,7.723082089298209,24,24,True,False,2.5,1,2.5,42,spring,main,deterministic,0.0,True
2017-04-03 00:00:00+00:00,7.560784021822133,7.603534021822134,7.495803655868187,0.0589022409539466,0.048828125,-0.0427499999999998,0.0048828125,43.13944284539474,2.0951171874999996,5.890224095394739,0.9635475006652986,7.554705896822133,24,24,True,False,2.5,1,2.5,42,spring,main,deterministic,0.0,True
2017-04-04 00:00:00+00:00,8.078483674083891,8.078483674083891,8.018656224423363,0.0598274496605274,0.0,2.914335439641036e-16,0.0,46.17184022739956,0.2906249999999999,5.982744966052825,0.8807028001174321,8.078483674083891,24,24,True,False,2.5,0,2.5,42,spring,main,deterministic,0.0,True
2017-04-05 00:00:00+00:00,7.579527361304874,7.579527361304874,7.51968398670015,0.059843374604723804,0.0,2.0816681711721685e-16,0.0,43.28149215262277,4.039843749999999,5.984337460472468,0.8467369001591567,7.579527361304873,24,24,True,False,2.5,0,2.5,42,spring,main,deterministic,0.0,True
2017-04-06 00:00:00+00:00,7.195179012741815,7.195179012741816,7.134986616443452,0.0601923962983622,0.0,2.914335439641036e-16,0.0,41.12371051897322,1.6751953124999996,6.019239629836307,0.8803552003810169,7.195179012741815,24,24,True,False,2.5,0,2.5,42,spring,main,deterministic,0.0,True
2017-04-07 00:00:00+00:00,6.808816960914249,6.808816960914249,6.7485648460751495,0.0602521148390989,0.0,1.942890293094024e-16,0.0,38.91874312918527,7.3498046875,6.025211483909969,0.8972438003402192,6.808816960914248,24,24,True,False,2.5,0,2.5,42,spring,main,deterministic,0.0,True
2017-04-01 00:00:00+00:00,9.12982003875656,8.440565575939361,8.30421251906622,0.1363530568731392,0.0,0.6892544628171989,0.0,48.16331317429316,0.2082170758928567,13.63530568731398,7.5511991002131245,8.44056557593936,24,24,True,False,2.5,0,2.5,42,spring,main,stochastic,0.0,True
2017-04-02 00:00:00+00:00,7.612785103193776,7.582039566010975,7.460380229259672,0.1216593367513008,0.0,0.030745537182801486,0.0,43.08317346772694,0.0,12.165933675130209,7.79535040014889,7.582039566010973,24,24,True,False,2.5,0,2.5,42,spring,main,stochastic,0.0,True
2017-04-03 00:00:00+00:00,7.25716011403696,7.32556011403696,7.158415286618388,0.1671448274185662,4.440892098500626e-15,-0.06839999999999974,4.440892098500626e-16,41.74624669274956,0.0,16.714482741856703,7.604742300347424,7.325560114036954,24,24,True,False,2.5,0,2.5,42,spring,main,stochastic,0.0,True
2017-04-04 00:00:00+00:00,8.09434737758092,8.09434737758092,7.981423332868304,0.1129240447126107,4.440892098500626e-15,2.498001805406602e-16,4.440892098500626e-16,46.15332655552456,0.0,11.292404471261158,7.735094100469723,8.094347377580915,24,24,True,False,2.5,0,2.5,42,spring,main,stochastic,0.0,True
2017-04-05 00:00:00+00:00,7.162978748875427,7.162978748875426,7.020453506852555,0.1425252420228707,0.0,4.440892098500626e-16,0.0,40.76987157951932,1.1044921875,14.252524202287175,8.383675200515427,7.1629787488754255,24,24,True,False,2.5,0,2.5,42,spring,main,stochastic,0.0,True
2017-04-06 00:00:00+00:00,7.084583110638986,7.016183110638986,6.9201785202551696,0.0960045903838151,0.0,0.06840000000000011,0.0,39.831508215278895,0.5789620535714284,9.60045903838157,6.903659800416789,7.016183110638985,24,24,True,False,2.5,0,2.5,42,spring,main,stochastic,0.0,True
2017-04-07 00:00:00+00:00,6.311308817910126,6.379708817910125,6.289707473562865,0.09000134434725984,0.0,-0.06839999999999964,0.0,36.26482200448052,4.163922991071429,9.000134434726052,7.093852500198408,6.3797088179101245,24,24,True,False,2.5,0,2.5,42,spring,main,stochastic,0.0,True
2017-04-01 00:00:00+00:00,10.079491354723803,9.390236891906605,8.258318222944801,0.1241061689618003,1.0078125000000029,0.6892544628171992,0.1007812500000002,47.999768635391426,0.2082170758928567,12.410616896180107,7.477217199979349,8.382424391906602,24,24,True,False,2.5,1,2.5,42,spring,main,cvar_0.5,0.5,True
2017-04-02 00:00:00+00:00,7.609358833662526,7.604263296479725,7.481082726469494,0.1231805700102295,0.0,0.005095537182801615,0.0,43.23328228469122,0.0,12.318057001023064,9.409090799861588,7.604263296479724,24,24,True,False,2.5,0,2.5,42,spring,main,cvar_0.5,0.5,True
2017-04-03 00:00:00+00:00,7.228312559979666,7.271062559979666,7.107514856553616,0.1635477034260445,4.440892098500626e-15,-0.042749999999999566,4.440892098500626e-16,41.58549927675635,0.0,16.354770342604557,8.63985830009915,7.2710625599796606,24,24,True,False,2.5,0,2.5,42,spring,main,cvar_0.5,0.5,True
2017-04-04 00:00:00+00:00,8.107003631157522,8.107003631157523,7.974056489464564,0.1329471416929571,0.0,5.551115123125783e-16,0.0,46.37675637074672,0.1208147321428572,13.294714169295823,8.302550700143911,8.107003631157522,24,24,True,False,2.5,0,2.5,42,spring,main,cvar_0.5,0.5,True
2017-04-05 00:00:00+00:00,7.199493278695557,7.199493278695557,7.057096065577698,0.14239721311785739,0.0,7.216449660063518e-16,0.0,41.157957081875125,1.4932338169642856,14.239721311785841,8.304706100025214,7.199493278695556,24,24,True,False,2.5,0,2.5,42,spring,main,cvar_0.5,0.5,True
2017-04-06 00:00:00+00:00,7.114350161150208,7.045950161150207,6.9242245353695715,0.1217256257806309,4.440892098500626e-15,0.06840000000000024,4.440892098500626e-16,40.263366149491745,0.8790039062499994,12.17256257806317,8.06895249930676,7.045950161150202,24,24,True,False,2.5,0,2.5,42,spring,main,cvar_0.5,0.5,True
2017-04-07 00:00:00+00:00,6.332387149229731,6.40078714922973,6.287996567887133,0.11279058134259254,4.440892098500626e-15,-0.06839999999999931,4.440892098500626e-16,36.51923865881295,4.301548549107143,11.279058134259374,7.565608399803749,6.400787149229725,24,24,True,False,2.5,0,2.5,42,spring,main,cvar_0.5,0.5,True
2017-07-01 00:00:00+00:00,7.358275741416531,7.2484118125513985,7.159654425370067,0.0887573871813311,0.0,0.10986392886513136,0.0,41.40039203844573,8.881784197001252e-16,8.87573871813322,0.2678204000694677,7.248411812551398,24,24,True,False,2.5,0,2.5,42,summer,main,perfect_foresight,0.0,True
2017-07-02 00:00:00+00:00,10.214543297697368,9.6044072265625,9.5507021484375,0.0537050781249993,0.0,0.6101360711348687,0.0,54.9197265625,0.0,5.3705078125000005,0.0,9.604407226562499,24,24,True,False,2.5,0,2.5,42,summer,main,perfect_foresight,0.0,True
2017-07-03 00:00:00+00:00,5.771013517680922,5.771013517680921,5.610802991365132,0.1602105263157884,0.0,6.38378239159465e-16,0.0,33.22085731907895,0.0,16.021052631578947,0.0,5.77101351768092,24,24,True,False,2.5,0,2.5,42,summer,main,perfect_foresight,0.0,True
2017-07-04 00:00:00+00:00,5.44987875205593,5.44987875205593,5.289668225740132,0.1602105263157885,8.881784197001252e-15,2.498001805406602e-16,8.881784197001252e-16,31.241365131578952,0.0,16.021052631578947,0.0,5.449878752055921,24,24,True,False,2.5,0,2.5,42,summer,main,perfect_foresight,0.0,True
2017-07-05 00:00:00+00:00,5.557124845805927,5.557124845805926,5.396914319490132,0.1602105263157884,4.440892098500626e-15,3.0531133177191805e-16,4.440892098500626e-16,31.911287006578952,4.440892098500626e-16,16.021052631578947,0.0,5.55712484580592,24,24,True,False,2.5,0,2.5,42,summer,main,perfect_foresight,0.0,True
2017-07-06 00:00:00+00:00,5.4977258223684435,5.566125822368443,5.401915296052632,0.1642105263157882,2.220446049250313e-14,-0.06839999999999939,2.220446049250313e-15,31.97632606907895,0.0,16.421052631578945,0.0,5.56612582236842,24,24,True,False,2.5,0,2.5,42,summer,main,perfect_foresight,0.0,True
2017-07-07 00:00:00+00:00,6.188828364257813,6.188828364257812,6.04023642578125,0.1485919384765612,0.0,5.134781488891349e-16,0.0,35.58611865234375,0.0,14.859193847656247,0.0,6.1888283642578115,24,24,True,False,2.5,0,2.5,42,summer,main,perfect_foresight,0.0,True
2017-07-01 00:00:00+00:00,7.7139012503778375,7.0195512503778374,6.952921316382999,0.06662993399483734,0.0,0.6943500000000001,0.0,40.242131228492376,2.198016648065476,6.662993399483815,0.9413165998412284,7.019551250377837,24,24,True,False,2.5,0,2.5,42,summer,main,deterministic,0.0,True
2017-07-02 00:00:00+00:00,18.97044682576501,18.97044682576501,10.000293375651042,0.0706250484212225,8.899528401692741,6.973588373426765e-16,0.8899528401692741,57.50167643229167,0.0,7.062504842122392,0.9201411000685757,10.070918424072264,24,24,True,False,2.5,4,2.5,42,summer,main,deterministic,0.0,True
2017-07-03 00:00:00+00:00,6.3532408899797765,6.3959908899797755,6.3029802089146205,0.09301068106514951,4.440892098500626e-15,-0.04274999999999986,4.440892098500626e-16,36.71829922049386,3.6046421595982143,9.301068106515062,0.9421101999469089,6.39599088997977,24,24,True,False,2.5,0,2.5,42,summer,main,deterministic,0.0,True
2017-07-04 00:00:00+00:00,6.297261527768094,6.297261527768094,6.203950887625559,0.0933106401425304,4.440892098500626e-15,4.85722573273506e-16,4.440892098500626e-16,36.16223955717541,5.263725353422619,9.331064014253158,0.9323797998949874,6.297261527768089,24,24,True,False,2.5,0,2.5,42,summer,main,deterministic,0.0,True
2017-07-05 00:00:00+00:00,6.224045261027023,6.2240452610270225,6.122899548339844,0.1011457126871733,4.440892098500626e-15,4.3021142204224816e-16,4.440892098500626e-16,35.74822170003255,4.139632161458333,10.114571268717443,0.9314677997026581,6.224045261027017,24,24,True,False,2.5,0,2.5,42,summer,main,deterministic,0.0,True
2017-07-06 00:00:00+00:00,6.274344794253396,6.274344794253395,6.1706895757766,0.10365521847679379,0.0,5.412337245047638e-16,0.0,36.00006594993955,4.713576543898809,10.365521847679497,0.9489586002891873,6.274344794253394,24,24,True,False,2.5,0,2.5,42,summer,main,deterministic,0.0,True
2017-07-07 00:00:00+00:00,6.46592290088472,6.46592290088472,6.355215409342449,0.1107074915422701,0.0,2.220446049250313e-16,0.0,37.080207644508,1.6882405598958334,11.070749154227117,0.9757280000485469,6.465922900884719,24,24,True,False,2.5,0,2.5,42,summer,main,deterministic,0.0,True
2017-07-01 00:00:00+00:00,7.63615119388292,6.94180119388292,6.8374199479870335,0.104381245895886,0.0,0.6943499999999999,0.0,39.60200907619584,1.364425223214286,10.438124589588693,6.267709900275803,6.941801193882919,24,24,True,False,2.5,0,2.5,42,summer,main,stochastic,0.0,True
2017-07-02 00:00:00+00:00,11.829307216051024,11.829307216051024,10.146734772271964,0.08798539020763123,1.594587053571428,5.238864897449957e-16,0.1594587053571428,58.32113946719183,0.0,8.79853902076326,7.550517800380475,10.234720162479595,24,24,True,False,2.5,2,2.5,42,summer,main,stochastic,0.0,True
2017-07-03 00:00:00+00:00,6.061918090783604,6.104668090783604,5.964435092369596,0.1402329984140028,4.440892098500626e-15,-0.04274999999999962,4.440892098500626e-16,34.94153142622181,1.585867745535714,14.023299841400377,8.007344099925831,6.104668090783599,24,24,True,False,2.5,0,2.5,42,summer,main,stochastic,0.0,True
2017-07-04 00:00:00+00:00,5.6019507433714955,5.601950743371495,5.444546723054585,0.1574040203169046,4.440892098500626e-15,5.134781488891349e-16,4.440892098500626e-16,32.09988961539592,0.8729073660714273,15.740402031690556,8.187891599489376,5.601950743371489,24,24,True,False,2.5,0,2.5,42,summer,main,stochastic,0.0,True
2017-07-05 00:00:00+00:00,5.746377684005901,5.6885627286487574,5.556236753318071,0.13232597533068569,0.0,0.05781495535714304,0.0,32.54331426018918,1.095703125,13.232597533068644,7.961040399968623,5.688562728648757,24,24,True,False,2.5,0,2.5,42,summer,main,stochastic,0.0,True
2017-07-06 00:00:00+00:00,5.725971829323386,5.783786784680528,5.6509586108311485,0.1328281738493787,0.0,-0.05781495535714229,0.0,33.121653740964774,1.3648856026785716,13.28281738493798,7.803309300332329,5.783786784680527,24,24,True,False,2.5,0,2.5,42,summer,main,stochastic,0.0,True
2017-07-07 00:00:00+00:00,6.290081482631139,6.290081482631138,6.17158742327009,0.1184940593610482,0.0,3.3306690738754696e-16,0.0,35.861071184430806,0.42919921875,11.849405936104908,6.704255399759858,6.2900814826311375,24,24,True,False,2.5,0,2.5,42,summer,main,stochastic,0.0,True
2017-07-01 00:00:00+00:00,7.613535448154077,6.919185448154077,6.827231727267388,0.0919537208866883,0.0,0.6943499999999997,0.0,39.53832005183858,1.364425223214286,9.195372088668936,6.564007399836554,6.919185448154076,24,24,True,False,2.5,0,2.5,42,summer,main,cvar_0.5,0.5,True
2017-07-02 00:00:00+00:00,11.829307216051022,11.829307216051024,10.146734772271964,0.08798539020763123,1.594587053571428,5.516420653606247e-16,0.15945870535714268,58.32113946719183,0.0,8.79853902076326,8.888818999985233,10.234720162479595,24,24,True,False,2.5,2,2.5,42,summer,main,cvar_0.5,0.5,True
2017-07-03 00:00:00+00:00,6.017718457470848,6.060468457470847,5.926579936973654,0.13388852049718378,8.881784197001252e-15,-0.04274999999999966,8.881784197001252e-16,34.716076170812265,1.3929268973214284,13.388852049718508,8.823500499944203,6.060468457470837,24,24,True,False,2.5,0,2.5,42,summer,main,cvar_0.5,0.5,True
2017-07-04 00:00:00+00:00,5.723298706155174,5.723298706155173,5.583218901798081,0.1400798043570831,8.881784197001252e-15,6.106226635438361e-16,8.881784197001252e-16,32.83358074262806,1.695382254464286,14.007980435708411,8.636920999968424,5.723298706155164,24,24,True,False,2.5,0,2.5,42,summer,main,cvar_0.5,0.5,True
2017-07-05 00:00:00+00:00,5.77985035319719,5.779850353197189,5.650636782321244,0.12921357087594518,0.0,4.996003610813204e-16,0.0,33.106087835362466,1.353655133928571,12.921357087594604,9.351325700059533,5.7798503531971885,24,24,True,False,2.5,0,2.5,42,summer,main,cvar_0.5,0.5,True
2017-07-06 00:00:00+00:00,5.772627738442405,5.772627738442404,5.64213050383978,0.1304972346026187,4.440892098500626e-15,5.551115123125783e-16,4.440892098500626e-16,33.09130344911673,1.667253119435101,13.049723460261983,8.245044599869289,5.772627738442399,24,24,True,False,2.5,0,2.5,42,summer,main,cvar_0.5,0.5,True
2017-07-07 00:00:00+00:00,6.286442393316248,6.286442393316247,6.167165596479893,0.1192767968363539,0.0,2.7755575615628914e-16,0.0,35.865082585421206,0.42919921875,11.927679683635485,7.187523100059479,6.286442393316246,24,24,True,False,2.5,0,2.5,42,summer,main,cvar_0.5,0.5,True
2017-10-01 00:00:00+00:00,9.112819760742187,8.418469760742187,8.35880400390625,0.059665756835936605,0.0,0.6943499999999999,0.0,48.17346337890625,0.0,5.966575683593749,0.1966238999739289,8.418469760742187,24,24,True,False,2.5,0,2.5,42,autumn,main,perfect_foresight,0.0,True
2017-10-02 00:00:00+00:00,9.13210177734375,9.17485177734375,9.111843359375001,0.063008417968749,0.0,-0.042749999999999705,0.0,52.449158203125,0.0,6.300841796874997,0.0,9.174851777343749,24,24,True,False,2.5,0,2.5,42,autumn,main,perfect_foresight,0.0,True
2017-10-03 00:00:00+00:00,7.567385766601576,7.567385766601576,7.467411621093751,0.0999741455078114,1.3322676295501878e-14,2.220446049250313e-16,1.3322676295501878e-15,43.30766357421875,0.0,9.997414550781247,0.0,7.567385766601562,24,24,True,False,2.5,0,2.5,42,autumn,main,perfect_foresight,0.0,True
2017-10-04 00:00:00+00:00,7.928627265625,7.860227265625,7.798888281250001,0.0613389843749991,0.0,0.0684000000000002,0.0,44.9450078125,0.0,6.133898437499997,0.0,7.860227265624999,24,24,True,False,2.5,0,2.5,42,autumn,main,perfect_foresight,0.0,True
2017-10-05 00:00:00+00:00,6.27373581877056,6.817882961040168,6.678781311677511,0.13910164936265582,0.0,-0.5441471422696073,0.0,38.822174701890695,0.0,13.910164936265684,0.0,6.8178829610401674,24,24,True,False,2.5,0,2.5,42,autumn,main,perfect_foresight,0.0,True
2017-10-06 00:00:00+00:00,9.007360392680921,9.0960849609375,9.0339794921875,0.0621054687499991,0.0,-0.0887245682565783,0.0,51.9798828125,0.0,6.210546875,0.0,9.0960849609375,24,24,True,False,2.5,0,2.5,42,autumn,main,perfect_foresight,0.0,True
2017-10-07 00:00:00+00:00,8.499610382408036,7.89238867188185,7.8360839843750005,0.0563046874999922,6.856737400084967e-12,0.6072217105261861,6.856737400084967e-13,45.134765625,0.0,5.630468749999315,0.0,7.8923886718749925,24,24,True,False,2.5,0,2.5,42,autumn,main,perfect_foresight,0.0,True
2017-10-01 00:00:00+00:00,10.319878763863702,9.625528763863702,8.33096962716239,0.0713215994989294,1.223237537202384,0.69435,0.12232375372023828,48.110873904273625,0.0,7.13215994989304,0.8148673002142448,8.402291226661319,24,24,True,False,2.5,3,2.5,42,autumn,main,deterministic,0.0,True
2017-10-02 00:00:00+00:00,11.015888006562731,11.058638006562733,9.067779721795945,0.0843641441417864,1.9064941406249991,-0.04274999999999955,0.1906494140624998,52.36795337785993,0.0,8.436414414178754,0.926777599728665,9.152143865937731,24,24,True,False,2.5,2,2.5,42,autumn,main,deterministic,0.0,True
2017-10-03 00:00:00+00:00,10.373258116571341,10.373258116571341,7.752940091378349,0.0644912022763196,2.5558268229166714,2.914335439641036e-16,0.255582682291667,44.73530592564175,1.8650692894345235,6.449120227632067,0.9230499996338029,7.817431293654668,24,24,True,False,2.5,4,2.5,42,autumn,main,deterministic,0.0,True
2017-10-04 00:00:00+00:00,9.804268086199079,9.804268086199079,7.823759648786273,0.0740142967878058,1.9064941406249991,4.0245584642661925e-16,0.1906494140624998,45.19881794956753,0.0,7.401429678780688,0.8617947997990985,7.8977739455740785,24,24,True,False,2.5,2,2.5,42,autumn,main,deterministic,0.0,True
2017-10-05 00:00:00+00:00,8.853587547723679,8.853587547723679,7.08397749139695,0.067298858410062,1.702311197916666,3.885780586188048e-16,0.17023111979166658,40.92305430966332,5.658155459449404,6.729885841006321,0.8890350997680787,7.151276349807012,24,24,True,False,2.5,2,2.5,42,autumn,main,deterministic,0.0,True
2017-10-06 00:00:00+00:00,10.881543180658253,10.881543180658253,8.903104764811198,0.07194427522205041,1.9064941406250036,4.579669976578771e-16,0.19064941406250024,51.34738911655971,0.0,7.194427522205167,0.842104700161143,8.975049040033248,24,24,True,False,2.5,2,2.5,42,autumn,main,deterministic,0.0,True
2017-10-07 00:00:00+00:00,19.640997675781286,19.598247675781284,8.2072412109375,0.0654400585937486,11.325566406250033,0.04275000000000036,1.1325566406250032,47.2556640625,0.0748046874999999,6.544005859374996,0.8775903003988776,8.27268126953125,24,24,True,False,2.5,6,2.5,42,autumn,main,deterministic,0.0,True
2017-10-01 00:00:00+00:00,9.176835680243222,8.482485680243222,8.3689992100162,0.1134864702270159,4.440892098500626e-15,0.6943500000000001,4.440892098500626e-16,48.4492856945767,0.0,11.348647022701698,5.973509899922646,8.482485680243217,24,24,True,False,2.5,0,2.5,42,autumn,main,stochastic,0.0,True
2017-10-02 00:00:00+00:00,9.19597178093002,9.23872178093002,9.104799736440196,0.1339220444898212,0.0,-0.04274999999999951,0.0,52.81257889094653,0.0,13.392204448982243,5.864247099729254,9.238721780930018,24,24,True,False,2.5,0,2.5,42,autumn,main,stochastic,0.0,True
2017-10-03 00:00:00+00:00,8.073828335273,8.073828335273,7.490753849345043,0.1319026109279535,0.4511718750000026,4.440892098500626e-16,0.0451171875000002,43.641436804291004,0.2152622767857139,13.190261092795465,5.968076500459573,7.622656460272996,24,24,True,False,2.5,1,2.5,42,autumn,main,stochastic,0.0,True
2017-10-04 00:00:00+00:00,7.989395495954241,7.989395495954241,7.857025767299108,0.1323697286551326,0.0,4.996003610813204e-16,0.0,45.68852936662947,0.0,13.23697286551339,5.775208199513144,7.9893954959542395,24,24,True,False,2.5,0,2.5,42,autumn,main,stochastic,0.0,True
2017-10-05 00:00:00+00:00,6.5864640352957595,6.586464035295759,6.454392633928572,0.13207140136718631,0.0,4.996003610813204e-16,0.0,37.69195305524554,1.9248744419642851,13.207140136718747,6.234451899887062,6.586464035295758,24,24,True,False,2.5,0,2.5,42,autumn,main,stochastic,0.0,True
2017-10-06 00:00:00+00:00,9.0607858838992,9.122722446986607,9.004495675223215,0.1182267717633915,0.0,-0.061936563087405944,0.0,52.11886858258929,0.0,11.822677176339282,6.018632400082423,9.122722446986606,24,24,True,False,2.5,0,2.5,42,autumn,main,stochastic,0.0,True
2017-10-07 00:00:00+00:00,9.113409286367391,9.008722723279986,8.357170187946737,0.0950444438153861,0.55650809151786,0.10468656308740701,0.0556508091517859,48.065842958547684,0.0,9.504444381538757,7.231671000248752,8.452214631762123,24,24,True,False,2.5,2,2.5,42,autumn,main,stochastic,0.0,True
2017-10-01 00:00:00+00:00,9.17316454101563,8.47881454101563,8.368774469866072,0.1100400711495524,4.440892098500626e-15,0.69435,4.440892098500626e-16,48.43162346540179,0.0,11.004007114955355,6.501389999873935,8.478814541015623,24,24,True,False,2.5,0,2.5,42,autumn,main,cvar_0.5,0.5,True
2017-10-02 00:00:00+00:00,9.192192510463169,9.23494251046317,9.106336593191966,0.1286059172712042,0.0,-0.042749999999999566,0.0,52.78533461216518,0.0,12.860591727120532,6.377526000025681,9.234942510463169,24,24,True,False,2.5,0,2.5,42,autumn,main,cvar_0.5,0.5,True
2017-10-03 00:00:00+00:00,8.171118298688619,8.171118298688619,7.6038148297991075,0.1161315938895078,0.4511718750000026,5.273559366969494e-16,0.0451171875000002,44.200819405691966,0.85546875,11.61315938895089,6.560115099651738,7.719946423688615,24,24,True,False,2.5,1,2.5,42,autumn,main,cvar_0.5,0.5,True
2017-10-04 00:00:00+00:00,7.985644421735491,7.985644421735492,7.858551157924108,0.1270932638113827,0.0,4.996003610813204e-16,0.0,45.66148835100447,0.0,12.70932638113839,6.37177070043981,7.98564442173549,24,24,True,False,2.5,0,2.5,42,autumn,main,cvar_0.5,0.5,True
2017-10-05 00:00:00+00:00,6.648674782714845,6.648674782714844,6.525904875837054,0.122769906877789,0.0,4.996003610813204e-16,0.0,38.03756009347099,2.3181501116071423,12.276990687779016,6.234575600246898,6.648674782714843,24,24,True,False,2.5,0,2.5,42,autumn,main,cvar_0.5,0.5,True
2017-10-06 00:00:00+00:00,9.060742486159246,9.122679049246653,9.00451332310268,0.1181657261439719,0.0,-0.061936563087406055,0.0,52.11855573381697,0.0,11.816572614397316,6.662423900212161,9.122679049246651,24,24,True,False,2.5,0,2.5,42,autumn,main,cvar_0.5,0.5,True
2017-10-07 00:00:00+00:00,9.840905203987369,9.736218640899962,8.342753684040488,0.0934771638907209,1.2999877929687509,0.10468656308740704,0.129998779296875,47.98346293622626,0.0,9.34771638907224,7.571627899771555,8.436230847931208,24,24,True,False,2.5,2,2.5,42,autumn,main,cvar_0.5,0.5,True
2017-01-01 00:00:00+00:00,81.9521754492188,81.23217544921879,8.35,0.0752027929687494,72.80697265625004,0.7199999999999998,7.280697265625005,48.0,0.0,7.520279296874998,0.0302503000712022,8.425202792968749,24,24,True,False,2.0,9,2.0,42,winter,grid_capacity,perfect_foresight,0.0,True
2017-01-01 00:00:00+00:00,85.32722880036859,84.60722880036857,8.28311787923177,0.0679317509823748,76.25617917015444,0.7199999999999998,7.625617917015443,47.617816452752976,0.0,6.793175098237535,0.6764037007233116,8.351049630214145,24,24,True,False,2.0,14,2.0,42,winter,grid_capacity,deterministic,0.0,True
2017-01-01 00:00:00+00:00,81.95217544921879,81.23217544921879,8.35,0.0752027929687495,72.80697265625004,0.7199999999999998,7.280697265625004,48.0,0.0,7.520279296874999,4.80054690001998,8.425202792968749,24,24,True,False,2.0,12,2.0,42,winter,grid_capacity,stochastic,0.0,True
2017-01-01 00:00:00+00:00,81.95217544921879,81.23217544921879,8.35,0.0752027929687495,72.80697265625004,0.72,7.280697265625004,48.0,0.0,7.520279296874999,5.617895700153894,8.425202792968749,24,24,True,False,2.0,11,2.0,42,winter,grid_capacity,cvar_0.5,0.5,True
2017-01-01 00:00:00+00:00,10.326146309621933,9.717296309621933,9.592691046463813,0.1246052631578933,2.2648549702353198e-13,0.6088500000000001,2.2648549702353197e-14,56.15056537828946,0.0,12.460526315789426,0.0363354999572038,9.717296309621705,24,24,True,False,3.0,0,3.0,42,winter,grid_capacity,perfect_foresight,0.0,True
2017-01-01 00:00:00+00:00,10.326320553599581,9.717470553599581,9.595112742427357,0.1223578111722166,4.440892098500626e-15,0.6088500000000002,4.440892098500626e-16,56.139047556023854,0.0,12.235781117221752,0.7990735997445869,9.717470553599574,24,24,True,False,3.0,0,3.0,42,winter,grid_capacity,deterministic,0.0,True
2017-01-01 00:00:00+00:00,10.326265589755641,9.71741558975564,9.592810326597744,0.12460526315789383,0.0,0.6088500000000001,0.0,56.15056537828948,0.0,12.460526315789474,5.86001399939414,9.717415589755639,24,24,True,False,3.0,0,3.0,42,winter,grid_capacity,stochastic,0.0,True
2017-01-01 00:00:00+00:00,10.326158038834881,9.717308038834881,9.592854062646852,0.1244539761880278,0.0,0.6088500000000001,0.0,56.14979005741894,0.0,12.445397618802867,7.401403499767183,9.71730803883488,24,24,True,False,3.0,0,3.0,42,winter,grid_capacity,cvar_0.5,0.5,True
2017-01-01 00:00:00+00:00,10.387722549125693,9.693372549125693,9.62784739655471,0.0655251525709826,0.0,0.6943499999999998,0.0,55.37341369459834,0.0,6.5525152570983405,0.032197399996221,9.693372549125693,24,24,True,False,2.5,0,2.5,7,winter,seed_repeat,perfect_foresight,0.0,True
2017-01-01 00:00:00+00:00,13.838436987552662,13.144086987552662,9.559465929420591,0.058091110215402,3.526529947916668,0.6943499999999999,0.35265299479166673,54.98266245383195,0.0,5.809111021540284,0.8335009003058066,9.617557039635994,24,24,True,False,2.5,3,2.5,7,winter,seed_repeat,deterministic,0.0,True
2017-01-01 00:00:00+00:00,10.476978675364654,9.782628675364654,9.626592327859122,0.0695408117912475,0.0864955357142838,0.6943499999999999,0.0086495535714283,55.3853437349284,0.0,6.954081179124833,6.546651799581013,9.69613313965037,24,24,True,False,2.5,1,2.5,7,winter,seed_repeat,stochastic,0.0,True
2017-01-01 00:00:00+00:00,10.474974831893684,9.780624831893684,9.627407199510907,0.0667220966684795,0.08649553571429712,0.6943499999999998,0.008649553571429632,55.37089828291947,0.0,6.67220966684804,7.538688500062562,9.694129296179387,24,24,True,False,2.5,1,2.5,7,winter,seed_repeat,cvar_0.5,0.5,True
2017-01-01 00:00:00+00:00,10.387722549125693,9.693372549125693,9.62784739655471,0.0655251525709826,0.0,0.6943499999999998,0.0,55.37341369459834,0.0,6.5525152570983405,0.0313662000698968,9.693372549125693,24,24,True,False,2.5,0,2.5,99,winter,seed_repeat,perfect_foresight,0.0,True
2017-01-01 00:00:00+00:00,13.838436987552662,13.144086987552662,9.559465929420591,0.058091110215402,3.526529947916668,0.6943499999999999,0.35265299479166673,54.98266245383195,0.0,5.809111021540284,0.8756094996351736,9.617557039635994,24,24,True,False,2.5,3,2.5,99,winter,seed_repeat,deterministic,0.0,True
2017-01-01 00:00:00+00:00,10.390338830397335,9.695988830397333,9.62908439826437,0.066904432132963,0.0,0.6943500000000002,0.0,55.3804822757964,0.0,6.6904432132964,7.040447999956085,9.695988830397333,24,24,True,False,2.5,0,2.5,99,winter,seed_repeat,stochastic,0.0,True
2017-01-01 00:00:00+00:00,10.390338830397338,9.695988830397338,9.62908439826437,0.066904432132963,4.440892098500626e-15,0.6943500000000001,4.440892098500626e-16,55.3804822757964,0.0,6.690443213296399,7.201385599910281,9.695988830397333,24,24,True,False,2.5,0,2.5,99,winter,seed_repeat,cvar_0.5,0.5,True
2017-01-01 00:00:00+00:00,10.944210105393005,10.249860105393006,10.183231529172438,0.066628576220567,0.0,0.6943499999999999,0.0,58.547037309556785,0.0,6.662857622056789,0.0604708000319078,10.249860105393005,24,24,True,False,2.5,0,2.5,42,winter,stress,perfect_foresight,0.0,True
2017-01-02 00:00:00+00:00,9.895338593966413,9.938088593966413,9.875719626471607,0.0623689674948053,0.0,-0.042749999999999816,0.0,56.78982643698061,0.0,6.236896749480613,0.0,9.938088593966413,24,24,True,False,2.5,0,2.5,42,winter,stress,perfect_foresight,0.0,True
2017-01-01 00:00:00+00:00,19.628854531250006,18.934504531250006,10.00874140625,0.056622499999999104,8.869140625000007,0.69435,0.8869140625000006,57.60884375,0.0,5.662249999999999,0.9209485998144362,10.065363906249999,24,24,True,False,2.5,3,2.5,42,winter,stress,deterministic,0.0,True
2017-01-02 00:00:00+00:00,11.265622760128126,11.308372760128126,9.848565237621191,0.0594168975069244,1.4003906250000098,-0.042749999999999816,0.1400390625000008,56.634658500692524,0.0,5.941689750692523,0.9015266000060352,9.907982135128115,24,24,True,False,2.5,3,2.5,42,winter,stress,deterministic,0.0,True
2017-01-01 00:00:00+00:00,19.642860302734388,18.948510302734388,10.0030458984375,0.0763237792968738,8.86914062500001,0.6943500000000001,0.886914062500001,57.7098095703125,0.0,7.6323779296874985,5.720383700099773,10.079369677734373,24,24,True,False,2.5,3,2.5,42,winter,stress,stochastic,0.0,True
2017-01-02 00:00:00+00:00,11.283578797433046,11.326328797433046,9.841263337053572,0.08467483537946349,1.4003906250000098,-0.04274999999999958,0.1400390625000008,56.76410128348215,0.0,8.467483537946428,5.451282300404272,9.925938172433035,24,24,True,False,2.5,3,2.5,42,winter,stress,stochastic,0.0,True
2017-01-01 00:00:00+00:00,19.637384640066973,18.943034640066973,10.005272600446428,0.06862141462053481,8.869140625000007,0.6943500000000001,0.8869140625000006,57.67033621651786,0.0,6.86214146205357,5.900834299856796,10.073894015066964,24,24,True,False,2.5,3,2.5,42,winter,stress,cvar_0.5,0.5,True
2017-01-02 00:00:00+00:00,11.276517230399005,11.319267230399005,9.844134953962055,0.0747416514369412,1.4003906250000098,-0.04274999999999969,0.1400390625000008,56.71319534737724,0.0,7.474165143694195,6.4218237003078675,9.918876605398994,24,24,True,False,2.5,3,2.5,42,winter,stress,cvar_0.5,0.5,True
2017-01-01 00:00:00+00:00,10.387722549125693,9.693372549125693,9.62784739655471,0.0655251525709826,0.0,0.6943499999999998,0.0,55.37341369459834,0.0,6.5525152570983405,0.0328234999906271,9.693372549125693,24,24,True,False,2.5,0,2.5,42,winter,pure_cvar_ties,perfect_foresight,0.0,True
2017-01-01 00:00:00+00:00,10.390338830397333,9.695988830397333,9.62908439826437,0.066904432132963,0.0,0.6943500000000001,0.0,55.380482275796396,0.0,6.6904432132964,6.8654531002976,9.695988830397333,24,24,True,False,2.5,0,2.5,42,winter,pure_cvar_ties,stochastic,0.0,True
2017-01-01 00:00:00+00:00,10.390338830397338,9.695988830397338,9.62908439826437,0.066904432132963,4.440892098500626e-15,0.6943499999999999,4.440892098500626e-16,55.3804822757964,0.0,6.6904432132964,7.023311600321903,9.695988830397333,24,24,True,False,2.5,0,2.5,42,winter,pure_cvar_ties,cvar_0.5,0.5,True
2017-01-01 00:00:00+00:00,10.390338830397338,9.695988830397338,9.62908439826437,0.066904432132963,4.440892098500626e-15,0.69435,4.440892098500626e-16,55.3804822757964,0.0,6.6904432132964,9.15935939969495,9.695988830397333,24,24,True,False,2.5,0,2.5,42,winter,pure_cvar_ties,cvar_1_raw,1.0,False
2017-01-01 00:00:00+00:00,10.390338830397338,9.695988830397338,9.62908439826437,0.06690443213296281,4.440892098500626e-15,0.6943500000000001,4.440892098500626e-16,55.3804822757964,0.0,6.690443213296399,13.587235000333749,9.695988830397333,24,24,True,False,2.5,0,2.5,42,winter,pure_cvar_ties,cvar_1,1.0,True
2017-07-01 00:00:00+00:00,7.525675121191146,6.805675121191145,6.656682230349724,0.148992890841412,8.881784197001252e-15,0.7199999999999998,8.881784197001252e-16,38.323898459141276,0.0,14.899289084141278,0.0324166999198496,6.805675121191136,24,24,True,False,2.0,0,2.0,42,summer,grid_capacity,perfect_foresight,0.0,True
2017-07-01 00:00:00+00:00,8.8009741561007,8.147289945574384,6.738041598667336,0.1662485271060655,1.2429998198009828,0.6536842105263154,0.1242999819800982,38.77081145374745,0.1148437499999999,16.624852710606635,0.6431915999855834,6.904290125773401,24,24,True,False,2.0,1,2.0,42,summer,grid_capacity,deterministic,0.0,True
2017-07-01 00:00:00+00:00,10.52158761821546,9.968515136718747,6.828349958147321,0.1693225446428564,2.970842633928568,0.5530724814967113,0.2970842633928566,39.215848214285714,0.15869140625,16.932254464285716,5.6271954003022975,6.997672502790177,24,24,True,False,2.0,3,2.0,42,summer,grid_capacity,stochastic,0.0,True
2017-07-01 00:00:00+00:00,10.549515518512008,9.869285200284798,6.732474597286993,0.1659679690692363,2.970842633928568,0.6802303182272089,0.2970842633928566,38.668096630543026,0.3336356026785712,16.596796906923732,7.014165800181217,6.89844256635623,24,24,True,False,2.0,3,2.0,42,summer,grid_capacity,cvar_0.5,0.5,True
2017-07-01 00:00:00+00:00,7.33615216899672,6.72730216899672,6.602696905838816,0.124605263157894,8.881784197001252e-15,0.6088500000000002,8.881784197001252e-16,38.81560444078948,8.881784197001252e-16,12.46052631578947,0.0297083999030292,6.72730216899671,24,24,True,False,3.0,0,3.0,42,summer,grid_capacity,perfect_foresight,0.0,True
2017-07-01 00:00:00+00:00,7.740095807389572,7.131245807389572,7.006640544231673,0.12460526315789404,4.440892098500626e-15,0.6088500000000004,4.440892098500626e-16,41.27492596236686,2.45932152157738,12.460526315789473,0.9462921001249914,7.1312458073895675,24,24,True,False,3.0,0,3.0,42,summer,grid_capacity,deterministic,0.0,True
2017-07-01 00:00:00+00:00,7.478408634989192,6.8695586349891915,6.738324238845469,0.1312343961437172,4.440892098500626e-15,0.6088500000000001,4.440892098500626e-16,39.37157821649235,0.5220005580357139,13.123439614371817,8.06589650013484,6.869558634989186,24,24,True,False,3.0,0,3.0,42,summer,grid_capacity,stochastic,0.0,True
2017-07-01 00:00:00+00:00,7.455309558803014,6.846459558803014,6.7264110927036835,0.1200484660993295,0.0,0.6088499999999999,0.0,39.3142521623884,0.5220005580357139,12.004846609933033,9.409793599741533,6.846459558803013,24,24,True,False,3.0,0,3.0,42,summer,grid_capacity,cvar_0.5,0.5,True
2017-07-01 00:00:00+00:00,7.356652168996725,6.662302168996724,6.542696905838816,0.11960526315789351,1.3322676295501878e-14,0.6943500000000004,1.3322676295501878e-15,38.31560444078948,8.881784197001252e-16,11.960526315789473,0.035931900027208,6.6623021689967095,24,24,True,False,2.5,0,2.5,7,summer,seed_repeat,perfect_foresight,0.0,True
2017-07-01 00:00:00+00:00,7.7139012503778375,7.0195512503778374,6.952921316382999,0.06662993399483734,0.0,0.6943500000000001,0.0,40.242131228492376,2.198016648065476,6.662993399483815,0.8598099000519129,7.019551250377837,24,24,True,False,2.5,0,2.5,7,summer,seed_repeat,deterministic,0.0,True
2017-07-01 00:00:00+00:00,7.457775205500324,6.767456279278519,6.672862886586584,0.0945933926919342,0.0,0.6903189262218047,0.0,38.59239137577832,0.3826032366071423,9.459339269193492,6.3080558999208725,6.767456279278518,24,24,True,False,2.5,0,2.5,7,summer,seed_repeat,stochastic,0.0,True
2017-07-01 00:00:00+00:00,7.464122496414376,6.777317626818512,6.678698877565006,0.0986187492535038,0.0,0.6868048695958644,0.0,38.68253150087132,0.4326171875,9.861874925350484,6.682906399830244,6.77731762681851,24,24,True,False,2.5,0,2.5,7,summer,seed_repeat,cvar_0.5,0.5,True
2017-07-01 00:00:00+00:00,7.356652168996725,6.662302168996724,6.542696905838816,0.11960526315789351,1.3322676295501878e-14,0.6943500000000004,1.3322676295501878e-15,38.31560444078948,8.881784197001252e-16,11.960526315789473,0.0393233000067994,6.6623021689967095,24,24,True,False,2.5,0,2.5,99,summer,seed_repeat,perfect_foresight,0.0,True
2017-07-01 00:00:00+00:00,7.7139012503778375,7.0195512503778374,6.952921316382999,0.06662993399483734,0.0,0.6943500000000001,0.0,40.242131228492376,2.198016648065476,6.662993399483815,0.8485505002317937,7.019551250377837,24,24,True,False,2.5,0,2.5,99,summer,seed_repeat,deterministic,0.0,True
2017-07-01 00:00:00+00:00,7.562790015153401,6.875985145557536,6.77518783158812,0.10079731396941591,0.0,0.6868048695958645,0.0,39.296235349694655,1.03515625,10.079731396941675,6.587231099954805,6.875985145557536,24,24,True,False,2.5,0,2.5,99,summer,seed_repeat,stochastic,0.0,True
2017-07-01 00:00:00+00:00,7.594433758656188,6.907628889060323,6.818126275592095,0.0895026134682271,0.0,0.6868048695958644,0.0,39.48319003450882,1.2799944196428577,8.950261346822803,6.292034699581563,6.907628889060323,24,24,True,False,2.5,0,2.5,99,summer,seed_repeat,cvar_0.5,0.5,True
2017-07-01 00:00:00+00:00,10.344397061655991,10.062027890192176,9.985445512681789,0.0765823775103869,0.0,0.2823691714638151,0.0,57.416831501038786,0.0,7.658237751038788,0.0380822999868541,10.062027890192175,24,24,True,False,2.5,0,2.5,42,summer,stress,perfect_foresight,0.0,True
2017-07-02 00:00:00+00:00,10.927500359786185,10.51551953125,10.4375,0.078019531249999,0.0,0.411980828536185,0.0,60.0,0.0,7.801953125000001,0.0,10.51551953125,24,24,True,False,2.5,0,2.5,42,summer,stress,perfect_foresight,0.0,True
2017-07-01 00:00:00+00:00,13.74928926255,13.05493926255,9.491805633254279,0.1021961292957117,3.4609375000000098,0.6943500000000001,0.3460937500000008,54.91622923932757,0.0,10.219612929571243,0.8852232000790525,9.59400176254999,24,24,True,False,2.5,3,2.5,42,summer,stress,deterministic,0.0,True
2017-07-02 00:00:00+00:00,32.9655425000291,32.9398925000291,10.399069864908855,0.0532073368036169,22.487615298316634,0.025650000000000617,2.248761529831663,59.767542085193455,0.0,5.320733680361791,0.8013175000669425,10.452277201712471,24,24,True,False,2.5,6,2.5,42,summer,stress,deterministic,0.0,True
2017-07-01 00:00:00+00:00,16.221852226562504,15.527502226562504,9.551341071428572,0.1245986551339278,5.851562500000003,0.6943500000000002,0.5851562500000003,54.79197600446429,0.0,12.459865513392856,6.690891200094483,9.6759397265625,24,24,True,False,2.5,1,2.5,42,summer,stress,stochastic,0.0,True
2017-07-02 00:00:00+00:00,40.323132739257844,40.297482739257845,10.26725,0.037386059570312,29.99284667968753,0.025650000000000117,2.999284667968753,58.9359375,0.0,3.738605957031248,6.839698400348424,10.304636059570312,24,24,True,False,2.5,8,2.5,42,summer,stress,stochastic,0.0,True
2017-07-01 00:00:00+00:00,11.328850759974895,10.634500759974895,9.594867329799108,0.11971155517578021,0.9199218750000072,0.6943499999999999,0.09199218750000064,55.26009448242188,0.0,11.971155517578124,7.8986192997545,9.714578884974888,24,24,True,False,2.5,1,2.5,42,summer,stress,cvar_0.5,0.5,True
2017-07-02 00:00:00+00:00,37.64021292155852,37.61456292155852,10.315776835180056,0.0431562035659404,27.25562988281253,0.025650000000000305,2.725562988281253,59.239230219875346,0.0,4.315620356594095,8.21414149994962,10.358933038745995,24,24,True,False,2.5,7,2.5,42,summer,stress,cvar_0.5,0.5,True
2017-07-01 00:00:00+00:00,7.356652168996725,6.662302168996724,6.542696905838816,0.11960526315789351,1.3322676295501878e-14,0.6943500000000004,1.3322676295501878e-15,38.31560444078948,8.881784197001252e-16,11.960526315789473,0.0435640999348834,6.6623021689967095,24,24,True,False,2.5,0,2.5,42,summer,pure_cvar_ties,perfect_foresight,0.0,True
2017-07-01 00:00:00+00:00,7.63615119388292,6.94180119388292,6.8374199479870335,0.104381245895886,0.0,0.6943499999999999,0.0,39.60200907619584,1.364425223214286,10.438124589588693,6.3227634999202555,6.941801193882919,24,24,True,False,2.5,0,2.5,42,summer,pure_cvar_ties,stochastic,0.0,True
2017-07-01 00:00:00+00:00,7.613535448154077,6.919185448154077,6.827231727267388,0.0919537208866883,0.0,0.6943499999999997,0.0,39.53832005183858,1.364425223214286,9.195372088668936,5.761575300362892,6.919185448154076,24,24,True,False,2.5,0,2.5,42,summer,pure_cvar_ties,cvar_0.5,0.5,True
2017-07-01 00:00:00+00:00,7.733952286643122,7.050991061314174,6.989311237444197,0.0616798238699767,0.0,0.6829612253289473,0.0,40.29716828264509,2.2152343749999996,6.1679823869977675,6.298343899776227,7.050991061314173,24,24,True,False,2.5,0,2.5,42,summer,pure_cvar_ties,cvar_1_raw,1.0,False
2017-07-01 00:00:00+00:00,7.733921151157919,7.039571151157919,6.977295271725696,0.0622758794322215,0.0,0.69435,0.0,40.237035140979856,2.2152343749999996,6.227587943222232,10.23233100073412,7.039571151157918,24,24,True,False,2.5,0,2.5,42,summer,pure_cvar_ties,cvar_1,1.0,True
