grid_limit_kw,seed,window,experiment,hours,policy,risk_weight,tail_tiebreak,hourly_sample_count,total_loss_eur,total_accounted_loss_eur,total_actual_expense_eur,total_operating_cost_eur,total_grid_cost_eur,total_battery_cost_eur,total_shortage_cost_eur,total_inventory_adjustment_eur,mean_hourly_loss_eur,var_hourly_loss_eur,cvar_hourly_loss_eur,upper_tail_equivalent_hours,total_ens_kwh,eens_kwh_per_hour,lolp,total_grid_import_kwh,peak_grid_import_kw,total_curtailment_kwh,total_throughput_kwh,total_solve_seconds,max_residual,hours_with_loss,hours_with_physical_override,total_physical_override_kwh,perfect_foresight_loss_eur,regret_eur
2.5,42,winter,main,168,perfect_foresight,0.0,True,168,69.74474506687153,69.74474506687153,69.05039506687154,69.05039506687154,68.58067512660146,0.46971994027007763,0.0,0.6943499999999916,0.4151472920647115,0.5897631578947368,0.6194467418546364,16.799999999999997,0.0,0.0,0.0,394.3895721520084,2.5,0.0,46.97199402700838,0.1786096000578254,5.0848214527832176e-14,168,0,0.0,69.74474506687153,0.0
2.5,42,winter,main,168,deterministic,0.0,True,168,99.83876379611851,99.83876379611851,68.38920057997262,99.14441379611853,67.98431365149614,0.4048869284764841,30.7552132161459,0.694350000000001,0.5942783559292769,0.6396315789473684,2.2253182632484565,16.799999999999997,3.075521321614589,0.01830667453342017,0.14285714285714285,390.98179229426364,2.5,0.0,40.48869284764905,6.069231600500636,2.458033776520097e-13,168,19,2.4762241908482157,69.74474506687153,30.094018729246983
2.5,42,winter,main,168,stochastic,0.0,True,168,86.42325953924184,86.42325953924184,68.6966132222775,85.72890953924184,68.25096923905414,0.4456439832233682,17.03229631696432,0.6943500000000016,0.5144241639240585,0.5897631578947368,1.6041663151408818,16.799999999999997,1.703229631696432,0.010138271617240666,0.02976190476190476,392.56295719510535,2.5,0.0,44.56439832233751,42.360871399054304,1.8052226380405045e-13,168,5,3.3091848273026403,69.74474506687153,16.67851447237031
2.5,42,winter,main,168,cvar_0.5,0.5,True,168,88.00210475269054,88.00210475269054,68.65629688438689,87.30775475269053,68.22181204039343,0.4344848439934576,18.65145786830363,0.6943500000000011,0.5238220520993485,0.5897631578947369,1.6986224781969257,16.799999999999997,1.8651457868303627,0.011102058254942634,0.02976190476190476,392.34385228439106,2.5,0.0,43.44848439934644,42.40923810109962,1.645350522494482e-13,168,5,2.957482818374068,69.74474506687153,18.25735968581901
2.5,42,spring,main,168,perfect_foresight,0.0,True,168,51.24629572471369,51.24629572471369,50.59469572471214,50.59469572471368,49.85415201480261,0.7405437099095282,1.545430450278218e-12,0.651600000000002,0.3050374745518672,0.5897631578947368,0.6191525121091301,16.799999999999997,1.545430450278218e-13,9.198990775465584e-16,0.0,289.31058583470383,2.5,0.0,74.05437099095361,0.2039688000222668,1.5720758028692217e-13,142,0,3.1213920337336276e-13,51.24629572471369,0.0
2.5,42,spring,main,168,deterministic,0.0,True,168,55.51483811039955,55.51483811039955,53.483634315756674,54.86323811039955,53.039932360445334,0.4437019553113427,1.3796037946428588,0.6516000000000015,0.3304454649428545,0.5897631578947369,0.6893073636064211,16.799999999999997,0.1379603794642857,0.0008211927349064624,0.023809523809523808,305.426750846425,2.5,17.775390624999996,44.37019553113484,6.257682702271261,7.327471962526033e-15,142,3,0.03401111421131014,51.24629572471369,4.268542385685862
2.5,42,spring,main,168,stochastic,0.0,True,168,52.65298331099275,52.65298331099275,52.001383310992736,52.00138331099276,51.13477086848317,0.8666124425095626,8.881784197001252e-15,0.651600000000002,0.31341061494638545,0.5897631578947368,0.6190151361855393,16.799999999999997,8.881784197001252e-16,5.28677630773884e-18,0.0,296.01226168957294,2.5,6.055594308035714,86.66124425095684,53.06757340230979,1.477817868078546e-11,144,3,0.575613839285716,51.24629572471369,1.4066875862790624
2.5,42,spring,main,168,cvar_0.5,0.5,True,168,53.670396968599015,53.670396968599015,52.010984468598984,53.018796968599005,51.090289464266874,0.9206950043321123,1.0078125000000162,0.6516000000000033,0.3194666486226132,0.5897631578947369,0.6677036400171839,16.799999999999997,0.10078125000000153,0.000599888392857152,0.005952380952380952,297.1358684577655,2.5,7.002818080357142,92.06950043321193,57.76798399921972,2.944311461305915e-12,143,3,0.47384207589285854,51.24629572471369,2.4241012438853247
2.5,42,summer,main,168,perfect_foresight,0.0,True,168,46.03739034128293,46.03739034128293,45.385790341282885,45.38579034128293,44.44989383223684,0.935896509046045,3.552713678800501e-14,0.6516000000000025,0.27403208536477935,0.5897631578947368,0.6141593534617793,16.799999999999997,3.552713678800501e-15,2.114710523095536e-17,0.0,260.2560727796053,2.5,1.3322676295501878e-15,93.58965090460526,0.2678204000694677,1.3322676295501878e-15,133,0,5.176414852314792e-15,46.03739034128293,0.0
2.5,42,summer,main,168,deterministic,0.0,True,168,58.29916345005585,58.29916345005585,48.748035048363086,57.64756345005584,48.10895032203311,0.6390847263299768,8.899528401692756,0.6516000000000028,0.34701883005985623,0.5897631578947368,1.1209497833683568,16.799999999999997,0.8899528401692754,0.005297338334340925,0.023809523809523808,279.4528417329334,2.5,21.607833426339287,63.90847263299848,6.592102099792093,3.3306690738754696e-15,133,13,2.8045765981308244,46.03739034128293,12.261773108772921
2.5,42,summer,main,168,stochastic,0.0,True,168,48.89175824004947,48.89175824004947,46.645571186478016,48.24015824004947,45.77191932310248,0.8736518633755371,1.5945870535714368,0.6516000000000031,0.29102237047648494,0.5897631578947368,0.707175328015342,16.799999999999997,0.15945870535714368,0.0009491589604591886,0.011904761904761904,266.49060877059014,2.5,6.712988281249999,87.3651863375544,52.4820685001323,1.11664011370749e-11,133,4,2.0748465401785725,46.03739034128293,2.85436789876654
2.5,42,summer,main,168,cvar_0.5,0.5,True,168,49.02278031278696,49.02278031278696,46.7765932592155,48.37118031278696,45.943698220952,0.8328950382635042,1.5945870535714501,0.651600000000003,0.2918022637665891,0.5897631578947369,0.7071794989771973,16.799999999999997,0.1594587053571449,0.0009491589604591959,0.011904761904761904,267.47159030237117,2.5,7.902841847113672,83.2895038263512,57.697141299722716,1.0245138071240945e-12,133,4,1.6911877117753311,46.03739034128293,2.985389971504034
2.5,42,autumn,main,168,perfect_foresight,0.0,True,168,57.521641164172024,57.521641164172024,56.82729116416515,56.82729116417204,56.28579205386501,0.5414991103001432,6.870060076380469e-12,0.6943500000000014,0.34239072121530967,0.5897631578947368,0.6194353983867137,16.799999999999997,6.870060076380469e-13,4.0893214740359935e-15,0.0,324.8121161081407,2.5,0.0,54.14991103001499,0.1966238999739289,7.607248164731574e-13,158,0,1.447897357564898e-12,57.521641164172024,0.0
2.5,42,autumn,main,168,deterministic,0.0,True,168,80.88942137736008,80.88942137736008,57.66864699119931,80.19507137736007,57.169772556268605,0.49887443493070216,22.52642438616076,0.6943500000000022,0.48148465105571475,0.7906707570929289,1.870170322071573,16.799999999999997,2.252642438616075,0.013408585944143302,0.125,329.93905864606586,2.5,7.598029436383928,49.88744349307104,6.13521979970391,7.993605777301127e-15,158,25,2.805970447551863,57.521641164172024,23.367780213188055
2.5,42,autumn,main,168,stochastic,0.0,True,168,59.196690497962834,59.196690497962834,57.49466053144496,58.502340497962834,56.63763706019907,0.8570234712458871,1.007679966517867,0.6943500000000032,0.3523612529640645,0.5897631578947368,0.6644170087694827,16.799999999999997,0.10076799665178654,0.0005998095038796818,0.017857142857142856,328.46849535282627,2.5,2.140136718749999,85.70234712458958,43.06579699984286,1.4654943925052066e-13,158,5,0.7439313616071433,57.521641164172024,1.6750493337908097
2.5,42,autumn,main,168,cvar_0.5,0.5,True,168,60.07244224476436,60.07244224476436,57.626932576795596,59.37809224476437,56.81064893376147,0.8162836430341289,1.751159667968758,0.6943500000000027,0.35757406098074024,0.5897631578947368,0.707794109048649,16.799999999999997,0.17511596679687563,0.0010423569452194979,0.017857142857142856,329.2188445977776,2.5,3.1736188616071423,81.62836430341375,46.279429200221784,1.347588707290015e-12,158,6,0.36940847441383207,57.521641164172024,2.5508010805923362
2.0,42,winter,grid_capacity,24,perfect_foresight,0.0,True,24,81.9521754492188,81.9521754492188,8.425202792968747,81.2321754492188,8.349999999999998,0.07520279296874939,72.80697265625005,0.7199999999999998,3.4146739770507835,12.400000000000002,12.400000000000002,2.3999999999999995,7.280697265625005,0.30336238606770854,0.375,48.0,2.0,0.0,7.520279296874998,0.0302503000712022,6.661338147750939e-16,24,0,4.510281037539698e-16,81.9521754492188,0.0
2.0,42,winter,grid_capacity,24,deterministic,0.0,True,24,85.32722880036857,85.32722880036857,8.351049630214145,84.60722880036857,8.28311787923177,0.0679317509823748,76.25617917015444,0.7199999999999998,3.555301200015357,12.400000000000002,12.400000000000002,2.3999999999999995,7.625617917015443,0.31773407987564345,0.5833333333333334,47.617816452752976,2.0,0.0,6.793175098237535,0.6764037007233117,1.4654943925052066e-14,24,5,2.3537376767113085,81.9521754492188,3.3750533511497736
2.0,42,winter,grid_capacity,24,stochastic,0.0,True,24,81.95217544921879,81.95217544921879,8.425202792968747,81.23217544921879,8.349999999999998,0.0752027929687495,72.80697265625004,0.7199999999999999,3.4146739770507826,12.400000000000002,12.400000000000002,2.3999999999999995,7.280697265625004,0.3033623860677085,0.5,48.0,2.0,0.0,7.520279296875,4.80054690001998,2.4646951146678475e-14,24,6,4.920089285714285,81.9521754492188,-1.4210854715202004e-14
2.0,42,winter,grid_capacity,24,cvar_0.5,0.5,True,24,81.9521754492188,81.9521754492188,8.425202792968747,81.2321754492188,8.349999999999998,0.07520279296874949,72.80697265625004,0.72,3.4146739770507835,12.400000000000002,12.400000000000002,2.3999999999999995,7.280697265625004,0.3033623860677085,0.4583333333333333,48.0,2.0,0.0,7.520279296875,5.617895700153894,4.263256414560601e-14,24,6,3.204924665178571,81.9521754492188,0.0
3.0,42,winter,grid_capacity,24,perfect_foresight,0.0,True,24,10.326146309621933,10.326146309621933,9.717296309621705,9.717296309621933,9.592691046463813,0.1246052631578933,2.2648549702353198e-13,0.6088500000000001,0.4302560962342472,0.6394736842105264,0.639824561403509,2.3999999999999995,2.2648549702353197e-14,9.436895709313833e-16,0.0,56.15056537828945,3.0,0.0,12.460526315789426,0.0363354999572038,7.061018436615997e-14,24,0,4.676814491233472e-14,10.326146309621933,0.0
3.0,42,winter,grid_capacity,24,deterministic,0.0,True,24,10.32632055359958,10.32632055359958,9.717470553599574,9.71747055359958,9.595112742427357,0.12235781117221659,4.440892098500626e-15,0.6088500000000001,0.4302633563999825,0.6395297966779743,0.6398339134814186,2.3999999999999995,4.440892098500626e-16,1.850371707708594e-17,0.0,56.13904755602385,3.0,0.0,12.235781117221752,0.7990735997445868,8.060219158778636e-14,24,3,0.11813151041667212,10.326146309621933,0.00017424397764642663
3.0,42,winter,grid_capacity,24,stochastic,0.0,True,24,10.326265589755641,10.326265589755641,9.71741558975564,9.717415589755639,9.592810326597746,0.12460526315789383,0.0,0.6088500000000001,0.43026106623981836,0.6394736842105264,0.639824561403509,2.3999999999999995,0.0,0.0,0.0,56.15056537828947,3.0,0.0,12.460526315789473,5.860013999394141,7.09432512735475e-13,24,0,2.9490299091605727e-17,10.326146309621933,0.00011928013370798851
3.0,42,winter,grid_capacity,24,cvar_0.5,0.5,True,24,10.32615803883488,10.32615803883488,9.71730803883488,9.717308038834881,9.592854062646852,0.12445397618802781,0.0,0.6088500000000001,0.4302565849514533,0.6394774614147675,0.6398251909375491,2.3999999999999995,0.0,0.0,0.0,56.14979005741894,3.0,0.0,12.445397618802868,7.401403499767184,8.816281038548368e-13,24,0,2.775557561562892e-17,10.326146309621933,1.172921294667617e-05
2.5,7,winter,seed_repeat,24,perfect_foresight,0.0,True,24,10.387722549125693,10.387722549125693,9.693372549125693,9.693372549125693,9.62784739655471,0.0655251525709826,0.0,0.6943499999999998,0.4328217728802372,0.6396315789473684,0.6396315789473684,2.3999999999999995,0.0,0.0,0.0,55.37341369459834,2.5,0.0,6.5525152570983405,0.032197399996221,4.440892098500626e-16,24,0,0.0,10.387722549125693,0.0
2.5,7,winter,seed_repeat,24,deterministic,0.0,True,24,13.838436987552662,13.838436987552662,9.617557039635994,13.144086987552662,9.559465929420591,0.058091110215402,3.526529947916668,0.6943499999999998,0.5766015411480275,0.6396315789473684,1.8822472137986574,2.3999999999999995,0.35265299479166673,0.014693874782986114,0.125,54.98266245383195,2.5,0.0,5.809111021540284,0.8335009003058066,2.458033776520097e-13,24,1,4.8828125000288665e-05,10.387722549125693,3.450714438426969
2.5,7,winter,seed_repeat,24,stochastic,0.0,True,24,10.476978675364654,10.476978675364654,9.69613313965037,9.782628675364654,9.626592327859122,0.06954081179124749,0.0864955357142838,0.6943499999999999,0.43654077814019393,0.6396315789473684,0.6396315789473684,2.3999999999999995,0.0086495535714283,0.00036039806547617917,0.041666666666666664,55.3853437349284,2.5,0.0,6.954081179124833,6.546651799581014,4.0634162701280736e-14,24,0,1.1102230246251563e-16,10.387722549125693,0.08925612623896129
2.5,7,winter,seed_repeat,24,cvar_0.5,0.5,True,24,10.474974831893686,10.474974831893686,9.694129296179387,9.780624831893686,9.627407199510907,0.0667220966684795,0.08649553571429712,0.6943499999999998,0.43645728466223693,0.6396315789473684,0.6396315789473739,2.3999999999999995,0.008649553571429632,0.0003603980654762347,0.041666666666666664,55.37089828291947,2.5,0.0,6.67220966684804,7.5386885000625625,1.7152945730458669e-13,24,0,1.1102230246251563e-16,10.387722549125693,0.08725228276799335
2.5,99,winter,seed_repeat,24,perfect_foresight,0.0,True,24,10.387722549125693,10.387722549125693,9.693372549125693,9.693372549125693,9.62784739655471,0.0655251525709826,0.0,0.6943499999999998,0.4328217728802372,0.6396315789473684,0.6396315789473684,2.3999999999999995,0.0,0.0,0.0,55.37341369459834,2.5,0.0,6.5525152570983405,0.0313662000698968,4.440892098500626e-16,24,0,0.0,10.387722549125693,0.0
2.5,99,winter,seed_repeat,24,deterministic,0.0,True,24,13.838436987552662,13.838436987552662,9.617557039635994,13.144086987552662,9.559465929420591,0.058091110215402,3.526529947916668,0.6943499999999998,0.5766015411480275,0.6396315789473684,1.8822472137986574,2.3999999999999995,0.35265299479166673,0.014693874782986114,0.125,54.98266245383195,2.5,0.0,5.809111021540284,0.8756094996351736,2.458033776520097e-13,24,1,4.8828125000288665e-05,10.387722549125693,3.450714438426969
2.5,99,winter,seed_repeat,24,stochastic,0.0,True,24,10.390338830397333,10.390338830397333,9.695988830397333,9.695988830397333,9.62908439826437,0.066904432132963,0.0,0.6943500000000002,0.4329307845998889,0.6396315789473684,0.6396315789473684,2.3999999999999995,0.0,0.0,0.0,55.380482275796396,2.5,0.0,6.690443213296401,7.040447999956086,1.7319479184152442e-14,24,0,1.1102230246251563e-16,10.387722549125693,0.002616281271640375
2.5,99,winter,seed_repeat,24,cvar_0.5,0.5,True,24,10.39033883039734,10.39033883039734,9.695988830397333,9.695988830397338,9.62908439826437,0.06690443213296299,4.440892098500626e-15,0.6943500000000001,0.43293078459988915,0.6396315789473684,0.6396315789473703,2.3999999999999995,4.440892098500626e-16,1.850371707708594e-17,0.0,55.3804822757964,2.5,0.0,6.690443213296399,7.201385599910282,3.0109248427834245e-13,24,0,1.1102230246251563e-16,10.387722549125693,0.0026162812716474804
2.5,42,winter,stress,48,perfect_foresight,0.0,True,48,20.83954869935942,20.83954869935942,20.187948699359417,20.187948699359417,20.058951155644046,0.1289975437153723,0.0,0.6516000000000001,0.4341572645699879,0.6396315789473684,0.6396315789473684,4.799999999999999,0.0,0.0,0.0,115.3368637465374,2.5,0.0,12.899754371537401,0.0604708000319078,8.881784197001252e-16,48,0,0.0,20.83954869935942,0.0
2.5,42,winter,stress,48,deterministic,0.0,True,48,30.894477291378134,30.894477291378134,19.973346041378115,30.242877291378136,19.85730664387119,0.1160393975069235,10.269531250000018,0.6516000000000002,0.6436349435703778,0.9000000000000027,2.443050130208336,4.799999999999999,1.0269531250000015,0.021394856770833363,0.125,114.24350225069252,2.5,0.0,11.603939750692522,1.8224751998204716,1.3322676295501878e-15,48,7,4.077603999204426,20.83954869935942,10.054928592018715
2.5,42,winter,stress,48,stochastic,0.0,True,48,30.926439100167432,30.926439100167432,20.00530785016741,30.27483910016743,19.84430923549107,0.1609986146763373,10.269531250000021,0.6516000000000006,0.6443008145868215,0.9000000000000027,2.443050130208336,4.799999999999999,1.026953125000002,0.021394856770833373,0.125,114.47391085379465,2.5,0.0,16.099861467633925,11.171666000504047,2.311484337269576e-13,48,11,5.597642299107141,20.83954869935942,10.086890400808013
2.5,42,winter,stress,48,cvar_0.5,0.5,True,48,30.913901870465978,30.913901870465978,19.992770620465958,30.262301870465976,19.849407554408483,0.143363066057476,10.269531250000018,0.6516000000000004,0.6440396223013746,0.9000000000000027,2.443050130208336,4.799999999999999,1.0269531250000015,0.021394856770833363,0.125,114.38353156389509,2.5,0.0,14.336306605747765,12.322658000164665,1.2609913113692528e-12,48,9,4.616517857142856,20.83954869935942,10.074353171106559
2.5,42,winter,pure_cvar_ties,24,perfect_foresight,0.0,True,24,10.387722549125693,10.387722549125693,9.693372549125693,9.693372549125693,9.62784739655471,0.0655251525709826,0.0,0.6943499999999998,0.4328217728802372,0.6396315789473684,0.6396315789473684,2.3999999999999995,0.0,0.0,0.0,55.37341369459834,2.5,0.0,6.5525152570983405,0.0328234999906271,4.440892098500626e-16,24,0,0.0,10.387722549125693,0.0
2.5,42,winter,pure_cvar_ties,24,stochastic,0.0,True,24,10.390338830397333,10.390338830397333,9.695988830397331,9.695988830397333,9.629084398264368,0.06690443213296299,0.0,0.69435,0.4329307845998889,0.6396315789473684,0.6396315789473684,2.3999999999999995,0.0,0.0,0.0,55.380482275796396,2.5,0.0,6.690443213296399,6.8654531002976,7.194245199571014e-14,24,0,1.1102230246251563e-16,10.387722549125693,0.002616281271640375
2.5,42,winter,pure_cvar_ties,24,cvar_0.5,0.5,True,24,10.39033883039734,10.39033883039734,9.695988830397333,9.69598883039734,9.62908439826437,0.066904432132963,4.440892098500626e-15,0.6943499999999999,0.43293078459988915,0.6396315789473684,0.6396315789473703,2.3999999999999995,4.440892098500626e-16,1.850371707708594e-17,0.0,55.380482275796396,2.5,0.0,6.6904432132964,7.023311600321904,8.260059303211166e-14,24,0,1.1102230246251563e-16,10.387722549125693,0.0026162812716474804
2.5,42,winter,pure_cvar_ties,24,cvar_1_raw,1.0,False,24,10.39033883039734,10.39033883039734,9.695988830397333,9.695988830397338,9.62908439826437,0.066904432132963,4.440892098500626e-15,0.69435,0.43293078459988915,0.6396315789473684,0.6396315789473684,2.3999999999999995,4.440892098500626e-16,1.850371707708594e-17,0.0,55.380482275796396,2.5,0.0,6.690443213296401,9.15935939969495,2.916800134755704e-11,24,0,2.7755575615628914e-16,10.387722549125693,0.0026162812716474804
2.5,42,winter,pure_cvar_ties,24,cvar_1,1.0,True,24,10.39033883039734,10.39033883039734,9.695988830397333,9.695988830397338,9.62908439826437,0.0669044321329628,4.440892098500626e-15,0.69435,0.43293078459988915,0.6396315789473684,0.6396315789473703,2.3999999999999995,4.440892098500626e-16,1.850371707708594e-17,0.0,55.380482275796396,2.5,0.0,6.690443213296399,13.587235000333749,2.916800134755704e-11,24,0,2.220446049250313e-16,10.387722549125693,0.0026162812716474804
2.0,42,summer,grid_capacity,24,perfect_foresight,0.0,True,24,7.525675121191146,7.525675121191146,6.805675121191135,6.805675121191145,6.656682230349723,0.148992890841412,8.881784197001252e-15,0.7199999999999999,0.31356979671629776,0.6393684210526316,0.6393684210526317,2.3999999999999995,8.881784197001252e-16,3.700743415417188e-17,0.0,38.323898459141276,2.0,0.0,14.899289084141278,0.0324166999198496,1.9984014443252818e-15,20,0,1.4432899320127035e-15,7.525675121191146,0.0
2.0,42,summer,grid_capacity,24,deterministic,0.0,True,24,8.8009741561007,8.8009741561007,6.904290125773401,8.147289945574386,6.738041598667335,0.16624852710606547,1.2429998198009828,0.6536842105263154,0.36670725650419583,0.6393684210526317,1.042973676414783,2.3999999999999995,0.1242999819800982,0.005179165915837425,0.041666666666666664,38.77081145374745,2.0,0.1148437499999999,16.624852710606635,0.6431915999855834,3.1241675912951905e-13,20,2,0.19706682477678591,7.525675121191146,1.2752990349095548
2.0,42,summer,grid_capacity,24,stochastic,0.0,True,24,10.52158761821546,10.52158761821546,6.997672502790177,9.968515136718747,6.828349958147321,0.1693225446428564,2.970842633928568,0.5530724814967112,0.43839948409231083,0.6872225534539474,1.7865886903538133,2.3999999999999995,0.2970842633928566,0.012378510974702358,0.125,39.215848214285714,2.0,0.15869140625,16.93225446428572,5.627195400302298,1.105782132526656e-13,20,2,0.12982183048081408,7.525675121191146,2.995912497024314
2.0,42,summer,grid_capacity,24,cvar_0.5,0.5,True,24,10.549515518512008,10.549515518512008,6.89844256635623,9.869285200284796,6.732474597286993,0.1659679690692363,2.970842633928568,0.6802303182272089,0.439563146604667,0.6872225534539474,1.7865886903538133,2.3999999999999995,0.2970842633928566,0.012378510974702358,0.125,38.66809663054302,2.0,0.3336356026785712,16.59679690692373,7.0141658001812175,1.105782132526656e-13,20,2,1.049874441964286,7.525675121191146,3.0238403973208623
3.0,42,summer,grid_capacity,24,perfect_foresight,0.0,True,24,7.33615216899672,7.33615216899672,6.727302168996712,6.7273021689967205,6.602696905838817,0.124605263157894,8.881784197001252e-15,0.6088500000000002,0.30567300704153,0.6392767269736843,0.6397917351973685,2.3999999999999995,8.881784197001252e-16,3.700743415417188e-17,0.0,38.81560444078947,3.0,8.881784197001252e-16,12.460526315789473,0.0297083999030292,8.881784197001252e-16,20,0,1.7486012637846216e-15,7.33615216899672,0.0
3.0,42,summer,grid_capacity,24,deterministic,0.0,True,24,7.740095807389572,7.740095807389572,7.1312458073895675,7.131245807389572,7.006640544231673,0.12460526315789403,4.440892098500626e-15,0.6088500000000003,0.32250399197456553,0.638421052631579,0.6396491228070195,2.3999999999999995,4.440892098500626e-16,1.850371707708594e-17,0.0,41.27492596236686,3.0,2.45932152157738,12.460526315789473,0.9462921001249913,5.3290705182007506e-15,20,0,2.3592239273284576e-16,7.33615216899672,0.4039436383928523
3.0,42,summer,grid_capacity,24,stochastic,0.0,True,24,7.478408634989192,7.478408634989192,6.869558634989185,6.8695586349891915,6.738324238845468,0.13123439614371718,4.440892098500626e-15,0.6088500000000002,0.3116003597912163,0.6393820260184152,0.6398092850381588,2.3999999999999995,4.440892098500626e-16,1.850371707708594e-17,0.0,39.37157821649236,3.0,0.5220005580357138,13.123439614371815,8.06589650013484,1.1941685078448009e-12,20,0,0.0,7.33615216899672,0.14225646599247188
3.0,42,summer,grid_capacity,24,cvar_0.5,0.5,True,24,7.455309558803014,7.455309558803014,6.846459558803013,6.846459558803014,6.7264110927036835,0.1200484660993295,0.0,0.6088499999999999,0.31063789828345895,0.6394955982730264,0.6398282137472588,2.3999999999999995,0.0,0.0,0.0,39.31425216238839,3.0,0.5220005580357138,12.004846609933033,9.409793599741533,2.218225603201063e-13,20,0,2.0483614804334138e-14,7.33615216899672,0.11915738980629431
2.5,7,summer,seed_repeat,24,perfect_foresight,0.0,True,24,7.356652168996725,7.356652168996725,6.6623021689967095,6.662302168996724,6.542696905838816,0.1196052631578935,1.3322676295501878e-14,0.6943500000000004,0.3065271737081969,0.6396315789473684,0.6396315789473684,2.3999999999999995,1.3322676295501878e-15,5.551115123125783e-17,0.0,38.31560444078948,2.5,8.881784197001252e-16,11.960526315789473,0.035931900027208,1.3322676295501878e-15,20,0,2.1094237467877974e-15,7.356652168996725,0.0
2.5,7,summer,seed_repeat,24,deterministic,0.0,True,24,7.7139012503778375,7.7139012503778375,7.0195512503778374,7.0195512503778374,6.952921316383,0.06662993399483734,0.0,0.6943500000000001,0.32141255209907654,0.6396315789473684,0.6396315789473684,2.3999999999999995,0.0,0.0,0.0,40.242131228492376,2.5,2.198016648065476,6.662993399483815,0.8598099000519128,3.1086244689504387e-15,20,0,1.1102230246251563e-16,7.356652168996725,0.3572490813811129
2.5,7,summer,seed_repeat,24,stochastic,0.0,True,24,7.457775205500324,7.457775205500324,6.767456279278518,6.767456279278519,6.672862886586584,0.0945933926919342,0.0,0.6903189262218048,0.3107406335625135,0.6396315789473684,0.6396315789473684,2.3999999999999995,0.0,0.0,0.0,38.59239137577832,2.5,0.3826032366071423,9.459339269193494,6.3080558999208725,1.9317880628477724e-14,20,0,0.0,7.356652168996725,0.10112303650359955
2.5,7,summer,seed_repeat,24,cvar_0.5,0.5,True,24,7.464122496414376,7.464122496414376,6.77731762681851,6.777317626818512,6.678698877565006,0.0986187492535038,0.0,0.6868048695958644,0.31100510401726567,0.6396315789473684,0.6396315789473684,2.3999999999999995,0.0,0.0,0.0,38.68253150087132,2.5,0.4326171875,9.861874925350484,6.682906399830243,4.329869796038111e-14,20,0,0.0,7.356652168996725,0.10747032741765139
2.5,99,summer,seed_repeat,24,perfect_foresight,0.0,True,24,7.356652168996725,7.356652168996725,6.6623021689967095,6.662302168996724,6.542696905838816,0.1196052631578935,1.3322676295501878e-14,0.6943500000000004,0.3065271737081969,0.6396315789473684,0.6396315789473684,2.3999999999999995,1.3322676295501878e-15,5.551115123125783e-17,0.0,38.31560444078948,2.5,8.881784197001252e-16,11.960526315789473,0.0393233000067994,1.3322676295501878e-15,20,0,2.1094237467877974e-15,7.356652168996725,0.0
2.5,99,summer,seed_repeat,24,deterministic,0.0,True,24,7.7139012503778375,7.7139012503778375,7.0195512503778374,7.0195512503778374,6.952921316383,0.06662993399483734,0.0,0.6943500000000001,0.32141255209907654,0.6396315789473684,0.6396315789473684,2.3999999999999995,0.0,0.0,0.0,40.242131228492376,2.5,2.198016648065476,6.662993399483815,0.8485505002317937,3.1086244689504387e-15,20,0,1.1102230246251563e-16,7.356652168996725,0.3572490813811129
2.5,99,summer,seed_repeat,24,stochastic,0.0,True,24,7.562790015153402,7.562790015153402,6.875985145557536,6.875985145557536,6.77518783158812,0.10079731396941591,0.0,0.6868048695958645,0.31511625063139176,0.6396315789473684,0.6396315789473684,2.3999999999999995,0.0,0.0,0.0,39.296235349694655,2.5,1.03515625,10.079731396941675,6.587231099954806,2.8643754035329045e-14,20,0,0.0,7.356652168996725,0.20613784615667718
2.5,99,summer,seed_repeat,24,cvar_0.5,0.5,True,24,7.594433758656188,7.594433758656188,6.907628889060323,6.907628889060323,6.818126275592096,0.0895026134682271,0.0,0.6868048695958644,0.31643473994400784,0.6396315789473684,0.6396315789473684,2.3999999999999995,0.0,0.0,0.0,39.48319003450882,2.5,1.2799944196428577,8.950261346822803,6.2920346995815635,4.329869796038111e-14,20,0,0.0,7.356652168996725,0.2377815896594635
2.5,42,summer,stress,48,perfect_foresight,0.0,True,48,21.271897421442176,21.271897421442176,20.577547421442173,20.577547421442176,20.422945512681785,0.1546019087603859,0.0,0.69435,0.44316452961337865,0.6396315789473684,0.6396315789473684,4.799999999999999,0.0,0.0,0.0,117.41683150103879,2.5,0.0,15.460190876038787,0.0380822999868541,2.664535259100376e-15,48,0,0.0,21.271897421442176,0.0
2.5,42,summer,stress,48,deterministic,0.0,True,48,46.714831762579095,46.714831762579095,20.046278964262463,45.9948317625791,19.890875498163133,0.1554034660993286,25.94855279831664,0.7200000000000009,0.9732256617203978,2.5469383068067746,4.699636202176132,4.799999999999999,2.5948552798316635,0.05405948499649299,0.1875,114.68377132452102,2.5,0.0,15.540346609933032,1.6865407001459949,2.0650148258027912e-14,48,15,7.796379698217591,21.271897421442176,25.44293434113692
2.5,42,summer,stress,48,stochastic,0.0,True,48,56.54498496582035,56.54498496582035,19.98057578613281,55.82498496582035,19.81859107142857,0.1619847147042398,35.84440917968753,0.7200000000000002,1.1780205201212572,3.1207031250000035,6.459977213541669,4.799999999999999,3.5844409179687533,0.07467585245768237,0.1875,113.72791350446428,2.5,0.0,16.198471470424103,13.530589600442909,1.652011860642233e-12,48,18,13.08759595586417,21.271897421442176,35.27308754437817
2.5,42,summer,stress,48,cvar_0.5,0.5,True,48,48.96906368153342,48.96906368153342,20.073511923720883,48.249063681533414,19.91064416497916,0.1628677587417206,28.175551757812535,0.7200000000000002,1.020188826698613,2.4800781250000044,5.591448221161737,4.799999999999999,2.8175551757812536,0.05869906616210945,0.16666666666666666,114.49932470229723,2.5,0.0,16.286775874172218,16.11276079970412,1.7545964681175974e-12,48,18,11.328181421893554,21.271897421442176,27.697166260091244
2.5,42,summer,pure_cvar_ties,24,perfect_foresight,0.0,True,24,7.356652168996725,7.356652168996725,6.6623021689967095,6.662302168996724,6.542696905838816,0.1196052631578935,1.3322676295501878e-14,0.6943500000000004,0.3065271737081969,0.6396315789473684,0.6396315789473684,2.3999999999999995,1.3322676295501878e-15,5.551115123125783e-17,0.0,38.31560444078948,2.5,8.881784197001252e-16,11.960526315789473,0.0435640999348834,1.3322676295501878e-15,20,0,2.1094237467877974e-15,7.356652168996725,0.0
2.5,42,summer,pure_cvar_ties,24,stochastic,0.0,True,24,7.63615119388292,7.63615119388292,6.941801193882919,6.94180119388292,6.8374199479870335,0.10438124589588599,0.0,0.6943499999999999,0.3181729664117883,0.6396315789473684,0.6396315789473684,2.3999999999999995,0.0,0.0,0.0,39.60200907619584,2.5,1.364425223214286,10.438124589588693,6.322763499920255,4.329869796038111e-14,20,0,2.220446049250313e-16,7.356652168996725,0.2794990248861957
2.5,42,summer,pure_cvar_ties,24,cvar_0.5,0.5,True,24,7.613535448154077,7.613535448154077,6.919185448154075,6.919185448154077,6.827231727267387,0.0919537208866883,0.0,0.6943499999999998,0.31723064367308657,0.6396315789473684,0.6396315789473684,2.3999999999999995,0.0,0.0,0.0,39.53832005183858,2.5,1.364425223214286,9.195372088668938,5.7615753003628924,4.329869796038111e-14,20,0,2.220446049250313e-16,7.356652168996725,0.25688327915735254
2.5,42,summer,pure_cvar_ties,24,cvar_1_raw,1.0,False,24,7.733952286643122,7.733952286643122,7.050991061314173,7.050991061314175,6.989311237444197,0.061679823869976697,0.0,0.6829612253289474,0.3222480119434634,0.6396315789473684,0.6396315789473684,2.3999999999999995,0.0,0.0,0.0,40.29716828264509,2.5,2.2152343749999996,6.1679823869977675,6.298343899776226,7.716587684392096e-07,20,0,0.0,7.356652168996725,0.3773001176463975
2.5,42,summer,pure_cvar_ties,24,cvar_1,1.0,True,24,7.733921151157919,7.733921151157919,7.039571151157918,7.039571151157919,6.977295271725696,0.0622758794322215,0.0,0.69435,0.32224671463157994,0.6396315789473684,0.6396315789473684,2.3999999999999995,0.0,0.0,0.0,40.237035140979856,2.5,2.2152343749999996,6.227587943222232,10.23233100073412,4.440892098500626e-13,20,0,2.4180657476335914e-13,7.356652168996725,0.3772689821611941
